{
  "token_acc":0.9953056681,
  "token_p":0.9870704686,
  "token_r":0.9859068135,
  "token_f":0.9864882979,
  "tag_acc":0.9189538437,
  "pos_acc":0.974464591,
  "morph_acc":0.9527771047,
  "morph_micro_p":0.9773857716,
  "morph_micro_r":0.970256661,
  "morph_micro_f":0.9738081686,
  "morph_per_feat":{
    "ExtPos":{
      "p":0.9015151515,
      "r":0.85,
      "f":0.875
    },
    "Case":{
      "p":0.9789839289,
      "r":0.9690012819,
      "f":0.9739670269
    },
    "Gender":{
      "p":0.9706027974,
      "r":0.9599094136,
      "f":0.9652264894
    },
    "Number":{
      "p":0.9783840018,
      "r":0.9691418103,
      "f":0.9737409762
    },
    "Person":{
      "p":0.9804731506,
      "r":0.9766224051,
      "f":0.9785439895
    },
    "PronType":{
      "p":0.98457223,
      "r":0.973917869,
      "f":0.9792160692
    },
    "Evident":{
      "p":0.9818908123,
      "r":0.9811069718,
      "f":0.9814987355
    },
    "Mood":{
      "p":0.9737226277,
      "r":0.9737226277,
      "f":0.9737226277
    },
    "Polarity":{
      "p":0.9873774874,
      "r":0.9904662595,
      "f":0.9889194616
    },
    "Tense":{
      "p":0.962834585,
      "r":0.9665571235,
      "f":0.9646922632
    },
    "VerbForm":{
      "p":0.9811292271,
      "r":0.9842495835,
      "f":0.9826869283
    },
    "Voice":{
      "p":0.9825162221,
      "r":0.9862493215,
      "f":0.9843792325
    },
    "Definite":{
      "p":0.9691119691,
      "r":0.9741267788,
      "f":0.9716129032
    },
    "Degree":{
      "p":0.9814366425,
      "r":0.9824939402,
      "f":0.9819650067
    },
    "Poss":{
      "p":1.0,
      "r":0.9731182796,
      "f":0.9863760218
    },
    "NumType":{
      "p":0.9941176471,
      "r":0.7567164179,
      "f":0.8593220339
    },
    "Reflex":{
      "p":0.9881847476,
      "r":0.9871244635,
      "f":0.987654321
    },
    "Aspect":{
      "p":0.9683641975,
      "r":0.9812353401,
      "f":0.9747572816
    },
    "Typo":{
      "p":0.0,
      "r":0.0,
      "f":0.0
    },
    "Foreign":{
      "p":0.9545454545,
      "r":0.7736842105,
      "f":0.8546511628
    },
    "Abbr":{
      "p":0.9384615385,
      "r":0.8356164384,
      "f":0.884057971
    }
  },
  "sents_p":0.9806902219,
  "sents_r":0.9896351575,
  "sents_f":0.9851423855,
  "dep_uas":0.9076255017,
  "dep_las":0.8714558253,
  "dep_las_per_type":{
    "mark":{
      "p":0.9127686473,
      "r":0.9475065617,
      "f":0.9298132646
    },
    "fixed":{
      "p":0.8701298701,
      "r":0.9571428571,
      "f":0.9115646259
    },
    "nsubj":{
      "p":0.9439114391,
      "r":0.9221341024,
      "f":0.9328956966
    },
    "discourse":{
      "p":0.7257318952,
      "r":0.6885964912,
      "f":0.7066766692
    },
    "advcl":{
      "p":0.7547468354,
      "r":0.7260273973,
      "f":0.7401086113
    },
    "amod":{
      "p":0.9387283237,
      "r":0.8840500817,
      "f":0.9105691057
    },
    "obj":{
      "p":0.9252217997,
      "r":0.9383033419,
      "f":0.931716656
    },
    "cc":{
      "p":0.9343501326,
      "r":0.9263642341,
      "f":0.9303400462
    },
    "det":{
      "p":0.9396267838,
      "r":0.933478735,
      "f":0.9365426696
    },
    "conj":{
      "p":0.8145386766,
      "r":0.8164409155,
      "f":0.8154886867
    },
    "xcomp":{
      "p":0.8775510204,
      "r":0.8907721281,
      "f":0.8841121495
    },
    "aux":{
      "p":0.9534883721,
      "r":0.9571984436,
      "f":0.9553398058
    },
    "root":{
      "p":0.9342105263,
      "r":0.9419568823,
      "f":0.9380677126
    },
    "nmod":{
      "p":0.8943366544,
      "r":0.8798039721,
      "f":0.8870107918
    },
    "ccomp":{
      "p":0.868852459,
      "r":0.8589951378,
      "f":0.8638956805
    },
    "nummod":{
      "p":0.890070922,
      "r":0.8776223776,
      "f":0.8838028169
    },
    "case":{
      "p":0.9684542587,
      "r":0.9563862928,
      "f":0.9623824451
    },
    "iobj":{
      "p":0.7578947368,
      "r":0.7397260274,
      "f":0.7487001733
    },
    "advmod":{
      "p":0.8767051417,
      "r":0.8804004215,
      "f":0.8785488959
    },
    "obl":{
      "p":0.8187108326,
      "r":0.8089341,
      "f":0.8137931034
    },
    "advmod:emph":{
      "p":0.7794676806,
      "r":0.7400722022,
      "f":0.7592592593
    },
    "advmod:neg":{
      "p":0.6060606061,
      "r":0.7692307692,
      "f":0.6779661017
    },
    "cop":{
      "p":0.85625,
      "r":0.8580375783,
      "f":0.8571428571
    },
    "aux:pass":{
      "p":0.9227272727,
      "r":0.9485981308,
      "f":0.935483871
    },
    "acl":{
      "p":0.8166383701,
      "r":0.7846655791,
      "f":0.8003327787
    },
    "nsubj:pass":{
      "p":0.8872727273,
      "r":0.9606299213,
      "f":0.9224952741
    },
    "parataxis":{
      "p":0.6476190476,
      "r":0.6126126126,
      "f":0.6296296296
    },
    "appos":{
      "p":0.6031746032,
      "r":0.5671641791,
      "f":0.5846153846
    },
    "dep":{
      "p":0.0909090909,
      "r":0.0769230769,
      "f":0.0833333333
    },
    "csubj:pass":{
      "p":0.5,
      "r":0.5833333333,
      "f":0.5384615385
    },
    "flat":{
      "p":0.6559139785,
      "r":0.743902439,
      "f":0.6971428571
    },
    "csubj":{
      "p":0.7888888889,
      "r":0.6960784314,
      "f":0.7395833333
    },
    "flat:foreign":{
      "p":0.4,
      "r":0.1666666667,
      "f":0.2352941176
    },
    "flat:name":{
      "p":0.9424920128,
      "r":0.8149171271,
      "f":0.8740740741
    },
    "orphan":{
      "p":0.5064935065,
      "r":0.3861386139,
      "f":0.4382022472
    },
    "vocative":{
      "p":0.7894736842,
      "r":0.5172413793,
      "f":0.625
    },
    "reparandum":{
      "p":0.0,
      "r":0.0,
      "f":0.0
    },
    "compound":{
      "p":1.0,
      "r":0.3333333333,
      "f":0.5
    },
    "goeswith":{
      "p":0.0,
      "r":0.0,
      "f":0.0
    },
    "dislocated":{
      "p":0.0,
      "r":0.0,
      "f":0.0
    }
  },
  "lemma_acc":0.8842515453,
  "speed":12483.874289677
}