{
  "token_acc":0.9953056681,
  "token_p":0.9870704686,
  "token_r":0.9859068135,
  "token_f":0.9864882979,
  "tag_acc":0.7909342952,
  "pos_acc":0.9499427956,
  "morph_acc":0.8711805088,
  "morph_micro_p":0.932607988,
  "morph_micro_r":0.9244194573,
  "morph_micro_f":0.9284956691,
  "morph_per_feat":{
    "ExtPos":{
      "p":0.8571428571,
      "r":0.7714285714,
      "f":0.8120300752
    },
    "Case":{
      "p":0.9344837672,
      "r":0.930835567,
      "f":0.9326560995
    },
    "Gender":{
      "p":0.8988501506,
      "r":0.8947239564,
      "f":0.8967823073
    },
    "Number":{
      "p":0.9362607046,
      "r":0.9326157898,
      "f":0.9344346928
    },
    "Person":{
      "p":0.9565054368,
      "r":0.954179914,
      "f":0.9553412602
    },
    "PronType":{
      "p":0.9596728708,
      "r":0.9442286349,
      "f":0.9518881119
    },
    "Evident":{
      "p":0.9604564756,
      "r":0.9630122406,
      "f":0.9617326601
    },
    "Mood":{
      "p":0.9501943635,
      "r":0.9515815085,
      "f":0.9508874301
    },
    "Polarity":{
      "p":0.9635135135,
      "r":0.9559064502,
      "f":0.9596949076
    },
    "Tense":{
      "p":0.8918236551,
      "r":0.8876860622,
      "f":0.8897500484
    },
    "VerbForm":{
      "p":0.9595190991,
      "r":0.9548689989,
      "f":0.9571884014
    },
    "Voice":{
      "p":0.9601528384,
      "r":0.954767505,
      "f":0.9574525991
    },
    "Definite":{
      "p":0.8773921505,
      "r":0.8748382924,
      "f":0.8761133603
    },
    "Degree":{
      "p":0.9370229008,
      "r":0.9256665769,
      "f":0.9313101206
    },
    "Poss":{
      "p":0.9880239521,
      "r":0.8870967742,
      "f":0.9348441926
    },
    "NumType":{
      "p":0.9271255061,
      "r":0.6835820896,
      "f":0.7869415808
    },
    "Reflex":{
      "p":0.9015151515,
      "r":0.893776824,
      "f":0.8976293103
    },
    "Aspect":{
      "p":0.8847962382,
      "r":0.8827208757,
      "f":0.8837573386
    },
    "Foreign":{
      "p":0.8616352201,
      "r":0.7210526316,
      "f":0.7851002865
    },
    "Typo":{
      "p":0.0,
      "r":0.0,
      "f":0.0
    },
    "Abbr":{
      "p":0.9846153846,
      "r":0.2922374429,
      "f":0.4507042254
    }
  },
  "sents_p":0.945695897,
  "sents_r":0.9747097844,
  "sents_f":0.9599836668,
  "dep_uas":0.8302612756,
  "dep_las":0.740661581,
  "dep_las_per_type":{
    "mark":{
      "p":0.8482142857,
      "r":0.8727034121,
      "f":0.8602846054
    },
    "fixed":{
      "p":0.7898089172,
      "r":0.8857142857,
      "f":0.835016835
    },
    "nsubj":{
      "p":0.8186619718,
      "r":0.8381398702,
      "f":0.8282864268
    },
    "discourse":{
      "p":0.6688888889,
      "r":0.4400584795,
      "f":0.5308641975
    },
    "advcl":{
      "p":0.5921696574,
      "r":0.5525114155,
      "f":0.5716535433
    },
    "amod":{
      "p":0.8490358127,
      "r":0.8388677191,
      "f":0.8439211391
    },
    "obj":{
      "p":0.8596721311,
      "r":0.8425449871,
      "f":0.8510223953
    },
    "cc":{
      "p":0.8482490272,
      "r":0.8599605523,
      "f":0.8540646425
    },
    "det":{
      "p":0.8489208633,
      "r":0.9007633588,
      "f":0.8740740741
    },
    "conj":{
      "p":0.6729059429,
      "r":0.6716487623,
      "f":0.6722767648
    },
    "xcomp":{
      "p":0.7073170732,
      "r":0.7645951036,
      "f":0.734841629
    },
    "aux":{
      "p":0.8914728682,
      "r":0.8949416342,
      "f":0.8932038835
    },
    "root":{
      "p":0.8465247087,
      "r":0.8735489221,
      "f":0.8598245256
    },
    "nmod":{
      "p":0.8009355509,
      "r":0.7949445448,
      "f":0.7979288026
    },
    "ccomp":{
      "p":0.6904761905,
      "r":0.5640194489,
      "f":0.6208742194
    },
    "dep":{
      "p":0.0046367852,
      "r":0.0576923077,
      "f":0.008583691
    },
    "nummod":{
      "p":0.8619402985,
      "r":0.8076923077,
      "f":0.8339350181
    },
    "case":{
      "p":0.9136191677,
      "r":0.9028037383,
      "f":0.9081792542
    },
    "iobj":{
      "p":0.6309148265,
      "r":0.4566210046,
      "f":0.5298013245
    },
    "advmod":{
      "p":0.777154513,
      "r":0.8029504742,
      "f":0.789841928
    },
    "obl":{
      "p":0.6409036861,
      "r":0.7151702786,
      "f":0.6760033445
    },
    "advmod:emph":{
      "p":0.649122807,
      "r":0.5342960289,
      "f":0.5861386139
    },
    "acl":{
      "p":0.7150170648,
      "r":0.6835236542,
      "f":0.6989157631
    },
    "cop":{
      "p":0.725877193,
      "r":0.6910229645,
      "f":0.7080213904
    },
    "aux:pass":{
      "p":0.0,
      "r":0.0,
      "f":0.0
    },
    "nsubj:pass":{
      "p":0.0,
      "r":0.0,
      "f":0.0
    },
    "parataxis":{
      "p":0.0,
      "r":0.0,
      "f":0.0
    },
    "appos":{
      "p":0.0,
      "r":0.0,
      "f":0.0
    },
    "flat":{
      "p":0.6756756757,
      "r":0.3048780488,
      "f":0.4201680672
    },
    "csubj":{
      "p":0.0,
      "r":0.0,
      "f":0.0
    },
    "flat:foreign":{
      "p":0.0,
      "r":0.0,
      "f":0.0
    },
    "flat:name":{
      "p":0.0,
      "r":0.0,
      "f":0.0
    },
    "vocative":{
      "p":0.0,
      "r":0.0,
      "f":0.0
    },
    "orphan":{
      "p":0.0,
      "r":0.0,
      "f":0.0
    },
    "reparandum":{
      "p":0.0,
      "r":0.0,
      "f":0.0
    },
    "advmod:neg":{
      "p":0.0,
      "r":0.0,
      "f":0.0
    },
    "compound":{
      "p":0.0,
      "r":0.0,
      "f":0.0
    },
    "goeswith":{
      "p":0.0,
      "r":0.0,
      "f":0.0
    },
    "dislocated":{
      "p":0.0,
      "r":0.0,
      "f":0.0
    },
    "csubj:pass":{
      "p":0.0,
      "r":0.0,
      "f":0.0
    }
  },
  "lemma_acc":0.8842515453,
  "speed":12903.7452215869
}