{
  "token_acc":0.9953056681,
  "token_p":0.9870704686,
  "token_r":0.9859068135,
  "token_f":0.9864882979,
  "tag_acc":0.9213954991,
  "pos_acc":0.9776018952,
  "morph_acc":0.9558217795,
  "morph_micro_p":0.9813329128,
  "morph_micro_r":0.9735321437,
  "morph_micro_f":0.977416964,
  "morph_per_feat":{
    "ExtPos":{
      "p":0.9275362319,
      "r":0.9142857143,
      "f":0.9208633094
    },
    "Case":{
      "p":0.9824633673,
      "r":0.9727887193,
      "f":0.977602108
    },
    "Gender":{
      "p":0.9722737963,
      "r":0.9615620027,
      "f":0.9668882324
    },
    "Number":{
      "p":0.9824368825,
      "r":0.9735501231,
      "f":0.9779733149
    },
    "Person":{
      "p":0.983889097,
      "r":0.9822330279,
      "f":0.983060365
    },
    "PronType":{
      "p":0.9852203012,
      "r":0.980299667,
      "f":0.9827538248
    },
    "Evident":{
      "p":0.9830777366,
      "r":0.9893560404,
      "f":0.9862068966
    },
    "Mood":{
      "p":0.9800777454,
      "r":0.9815085158,
      "f":0.9807926088
    },
    "Polarity":{
      "p":0.9923914665,
      "r":0.9909131536,
      "f":0.9916517591
    },
    "Tense":{
      "p":0.9658828065,
      "r":0.9686835492,
      "f":0.9672811505
    },
    "VerbForm":{
      "p":0.9884743706,
      "r":0.9871270635,
      "f":0.9878002576
    },
    "Voice":{
      "p":0.9893154654,
      "r":0.9884204813,
      "f":0.9888677708
    },
    "Definite":{
      "p":0.975641442,
      "r":0.9715394567,
      "f":0.9735861287
    },
    "Degree":{
      "p":0.9872972973,
      "r":0.9838405602,
      "f":0.9855658977
    },
    "Poss":{
      "p":0.9945652174,
      "r":0.9838709677,
      "f":0.9891891892
    },
    "NumType":{
      "p":0.9941972921,
      "r":0.7671641791,
      "f":0.8660488627
    },
    "Reflex":{
      "p":0.9840595112,
      "r":0.9935622318,
      "f":0.9887880406
    },
    "Aspect":{
      "p":0.9818468824,
      "r":0.972634871,
      "f":0.9772191673
    },
    "Foreign":{
      "p":0.9466666667,
      "r":0.7473684211,
      "f":0.8352941176
    },
    "Typo":{
      "p":0.0,
      "r":0.0,
      "f":0.0
    },
    "Abbr":{
      "p":0.9481865285,
      "r":0.8356164384,
      "f":0.8883495146
    }
  },
  "sents_p":0.9823190789,
  "sents_r":0.9904643449,
  "sents_f":0.9863748968,
  "dep_uas":0.9180031253,
  "dep_las":0.8834616144,
  "dep_las_per_type":{
    "mark":{
      "p":0.9402597403,
      "r":0.9501312336,
      "f":0.9451697128
    },
    "fixed":{
      "p":0.8766233766,
      "r":0.9642857143,
      "f":0.9183673469
    },
    "nsubj":{
      "p":0.9342622365,
      "r":0.9426820476,
      "f":0.9384532568
    },
    "discourse":{
      "p":0.7788161994,
      "r":0.730994152,
      "f":0.754147813
    },
    "advcl":{
      "p":0.7653543307,
      "r":0.7397260274,
      "f":0.7523219814
    },
    "amod":{
      "p":0.9476409666,
      "r":0.8965704954,
      "f":0.9213986014
    },
    "obj":{
      "p":0.9403080873,
      "r":0.9415167095,
      "f":0.9409120103
    },
    "cc":{
      "p":0.9574750831,
      "r":0.9474030243,
      "f":0.9524124256
    },
    "det":{
      "p":0.9401993355,
      "r":0.9258451472,
      "f":0.932967033
    },
    "conj":{
      "p":0.8482563619,
      "r":0.8407286315,
      "f":0.8444757213
    },
    "xcomp":{
      "p":0.8701298701,
      "r":0.8832391714,
      "f":0.876635514
    },
    "aux":{
      "p":0.9683794466,
      "r":0.953307393,
      "f":0.9607843137
    },
    "root":{
      "p":0.9317714755,
      "r":0.9398839138,
      "f":0.9358101135
    },
    "nmod":{
      "p":0.9146020032,
      "r":0.8950219242,
      "f":0.9047060357
    },
    "ccomp":{
      "p":0.8854166667,
      "r":0.8265802269,
      "f":0.8549874267
    },
    "nummod":{
      "p":0.9475655431,
      "r":0.8846153846,
      "f":0.9150090416
    },
    "case":{
      "p":0.9754562618,
      "r":0.9657320872,
      "f":0.9705698184
    },
    "iobj":{
      "p":0.794653706,
      "r":0.7465753425,
      "f":0.7698646263
    },
    "advmod":{
      "p":0.8907779495,
      "r":0.9109589041,
      "f":0.9007554051
    },
    "obl":{
      "p":0.848894903,
      "r":0.8323750553,
      "f":0.8405538187
    },
    "acl":{
      "p":0.8092868988,
      "r":0.7960848287,
      "f":0.8026315789
    },
    "advmod:emph":{
      "p":0.8185328185,
      "r":0.7653429603,
      "f":0.7910447761
    },
    "appos":{
      "p":0.7115384615,
      "r":0.552238806,
      "f":0.6218487395
    },
    "advmod:neg":{
      "p":0.5833333333,
      "r":0.8076923077,
      "f":0.6774193548
    },
    "cop":{
      "p":0.8763326226,
      "r":0.8580375783,
      "f":0.8670886076
    },
    "aux:pass":{
      "p":0.911627907,
      "r":0.9158878505,
      "f":0.9137529138
    },
    "nsubj:pass":{
      "p":0.9049429658,
      "r":0.937007874,
      "f":0.920696325
    },
    "parataxis":{
      "p":0.6,
      "r":0.6756756757,
      "f":0.6355932203
    },
    "dep":{
      "p":0.0306748466,
      "r":0.0480769231,
      "f":0.0374531835
    },
    "csubj:pass":{
      "p":0.4615384615,
      "r":0.5,
      "f":0.48
    },
    "orphan":{
      "p":0.4835164835,
      "r":0.4356435644,
      "f":0.4583333333
    },
    "flat":{
      "p":0.6382978723,
      "r":0.7317073171,
      "f":0.6818181818
    },
    "csubj":{
      "p":0.7717391304,
      "r":0.6960784314,
      "f":0.7319587629
    },
    "flat:foreign":{
      "p":0.5,
      "r":0.0833333333,
      "f":0.1428571429
    },
    "flat:name":{
      "p":0.9439252336,
      "r":0.8370165746,
      "f":0.8872620791
    },
    "vocative":{
      "p":0.0,
      "r":0.0,
      "f":0.0
    },
    "reparandum":{
      "p":0.0,
      "r":0.0,
      "f":0.0
    },
    "compound":{
      "p":0.0,
      "r":0.0,
      "f":0.0
    },
    "goeswith":{
      "p":0.0,
      "r":0.0,
      "f":0.0
    },
    "dislocated":{
      "p":0.0,
      "r":0.0,
      "f":0.0
    }
  },
  "lemma_acc":0.8842515453,
  "speed":9708.8551697463
}