{
  "token_acc":0.9953056681,
  "token_p":0.9870704686,
  "token_r":0.9859068135,
  "token_f":0.9864882979,
  "tag_acc":0.8734487307,
  "pos_acc":0.9652461841,
  "morph_acc":0.9254772097,
  "morph_micro_p":0.9647511468,
  "morph_micro_r":0.9561671963,
  "morph_micro_f":0.9604399921,
  "morph_per_feat":{
    "ExtPos":{
      "p":0.8872180451,
      "r":0.8428571429,
      "f":0.8644688645
    },
    "Case":{
      "p":0.9631125944,
      "r":0.9584547256,
      "f":0.9607780147
    },
    "Gender":{
      "p":0.9472357174,
      "r":0.9427714531,
      "f":0.9449983128
    },
    "Number":{
      "p":0.9618127444,
      "r":0.9574626438,
      "f":0.9596327643
    },
    "Person":{
      "p":0.9792570243,
      "r":0.9711988031,
      "f":0.9752112676
    },
    "PronType":{
      "p":0.9790794979,
      "r":0.973917869,
      "f":0.9764918626
    },
    "Evident":{
      "p":0.9842946114,
      "r":0.9672698244,
      "f":0.9757079587
    },
    "Mood":{
      "p":0.975591716,
      "r":0.9627737226,
      "f":0.969140338
    },
    "Polarity":{
      "p":0.9833707865,
      "r":0.9778042604,
      "f":0.9805796235
    },
    "Tense":{
      "p":0.9469978486,
      "r":0.9360139184,
      "f":0.9414738479
    },
    "VerbForm":{
      "p":0.9766945925,
      "r":0.9710737544,
      "f":0.9738760632
    },
    "Voice":{
      "p":0.9786340394,
      "r":0.9696037633,
      "f":0.9740979733
    },
    "Definite":{
      "p":0.9479267117,
      "r":0.9537516171,
      "f":0.9508302434
    },
    "Degree":{
      "p":0.9661381349,
      "r":0.9682197684,
      "f":0.9671778316
    },
    "Poss":{
      "p":0.972972973,
      "r":0.9677419355,
      "f":0.9703504043
    },
    "NumType":{
      "p":0.9598470363,
      "r":0.7492537313,
      "f":0.8415758592
    },
    "Reflex":{
      "p":0.9782372144,
      "r":0.9645922747,
      "f":0.9713668287
    },
    "Aspect":{
      "p":0.9513343799,
      "r":0.9476153245,
      "f":0.9494712103
    },
    "Foreign":{
      "p":0.9473684211,
      "r":0.6631578947,
      "f":0.7801857585
    },
    "Typo":{
      "p":0.0,
      "r":0.0,
      "f":0.0
    },
    "Abbr":{
      "p":0.9532163743,
      "r":0.7442922374,
      "f":0.8358974359
    }
  },
  "sents_p":0.955834684,
  "sents_r":0.978026534,
  "sents_f":0.9668032787,
  "dep_uas":0.8710934289,
  "dep_las":0.8236570452,
  "dep_las_per_type":{
    "mark":{
      "p":0.8764044944,
      "r":0.9212598425,
      "f":0.8982725528
    },
    "fixed":{
      "p":0.8675496689,
      "r":0.9357142857,
      "f":0.9003436426
    },
    "nsubj":{
      "p":0.9046756071,
      "r":0.8997837058,
      "f":0.9022230255
    },
    "discourse":{
      "p":0.7077175698,
      "r":0.6301169591,
      "f":0.6666666667
    },
    "advcl":{
      "p":0.6931818182,
      "r":0.6499238965,
      "f":0.6708562451
    },
    "amod":{
      "p":0.8969834946,
      "r":0.8579205226,
      "f":0.877017251
    },
    "obj":{
      "p":0.8994910941,
      "r":0.9087403599,
      "f":0.9040920716
    },
    "cc":{
      "p":0.9047936085,
      "r":0.8934911243,
      "f":0.8991068475
    },
    "det":{
      "p":0.8817991632,
      "r":0.919302072,
      "f":0.9001601708
    },
    "conj":{
      "p":0.7684563758,
      "r":0.7487155535,
      "f":0.7584575349
    },
    "xcomp":{
      "p":0.8231046931,
      "r":0.8587570621,
      "f":0.8405529954
    },
    "aux":{
      "p":0.9283018868,
      "r":0.9571984436,
      "f":0.9425287356
    },
    "root":{
      "p":0.8879484079,
      "r":0.9133499171,
      "f":0.9004700593
    },
    "nmod":{
      "p":0.8206312548,
      "r":0.824864586,
      "f":0.8227424749
    },
    "ccomp":{
      "p":0.7479935795,
      "r":0.755267423,
      "f":0.7516129032
    },
    "nummod":{
      "p":0.8592592593,
      "r":0.8111888112,
      "f":0.8345323741
    },
    "case":{
      "p":0.9468417761,
      "r":0.9433021807,
      "f":0.9450686642
    },
    "iobj":{
      "p":0.6973180077,
      "r":0.6232876712,
      "f":0.6582278481
    },
    "advmod":{
      "p":0.8467230444,
      "r":0.8440463646,
      "f":0.8453825858
    },
    "obl":{
      "p":0.7627948376,
      "r":0.7580716497,
      "f":0.7604259095
    },
    "advmod:emph":{
      "p":0.6937269373,
      "r":0.678700361,
      "f":0.6861313869
    },
    "acl":{
      "p":0.7631133672,
      "r":0.735725938,
      "f":0.7491694352
    },
    "advmod:neg":{
      "p":0.487804878,
      "r":0.7692307692,
      "f":0.5970149254
    },
    "cop":{
      "p":0.8397435897,
      "r":0.8204592902,
      "f":0.8299894403
    },
    "aux:pass":{
      "p":0.9014778325,
      "r":0.8551401869,
      "f":0.8776978417
    },
    "nsubj:pass":{
      "p":0.8185185185,
      "r":0.8700787402,
      "f":0.8435114504
    },
    "parataxis":{
      "p":0.4657534247,
      "r":0.3063063063,
      "f":0.3695652174
    },
    "appos":{
      "p":0.54,
      "r":0.4029850746,
      "f":0.4615384615
    },
    "dep":{
      "p":0.0290697674,
      "r":0.0480769231,
      "f":0.0362318841
    },
    "flat":{
      "p":0.4869565217,
      "r":0.6829268293,
      "f":0.5685279188
    },
    "csubj":{
      "p":0.6849315068,
      "r":0.4901960784,
      "f":0.5714285714
    },
    "flat:foreign":{
      "p":0.0,
      "r":0.0,
      "f":0.0
    },
    "flat:name":{
      "p":0.8287671233,
      "r":0.6685082873,
      "f":0.7400611621
    },
    "vocative":{
      "p":0.0,
      "r":0.0,
      "f":0.0
    },
    "orphan":{
      "p":0.3424657534,
      "r":0.2475247525,
      "f":0.2873563218
    },
    "reparandum":{
      "p":0.0,
      "r":0.0,
      "f":0.0
    },
    "compound":{
      "p":0.0,
      "r":0.0,
      "f":0.0
    },
    "goeswith":{
      "p":0.0,
      "r":0.0,
      "f":0.0
    },
    "dislocated":{
      "p":0.0,
      "r":0.0,
      "f":0.0
    },
    "csubj:pass":{
      "p":0.0,
      "r":0.0,
      "f":0.0
    }
  },
  "lemma_acc":0.8842515453,
  "speed":12678.1030572406
}