{
  "token_acc":0.9953056681,
  "token_p":0.9870704686,
  "token_r":0.9859068135,
  "token_f":0.9864882979,
  "tag_acc":0.8072461037,
  "pos_acc":0.9525950253,
  "morph_acc":0.8816561676,
  "morph_micro_p":0.9403528809,
  "morph_micro_r":0.933815693,
  "morph_micro_f":0.937072886,
  "morph_per_feat":{
    "ExtPos":{
      "p":0.874015748,
      "r":0.7928571429,
      "f":0.8314606742
    },
    "Case":{
      "p":0.9437715757,
      "r":0.9398671484,
      "f":0.9418153154
    },
    "Gender":{
      "p":0.9141311697,
      "r":0.9102705349,
      "f":0.9121967676
    },
    "Number":{
      "p":0.9437065149,
      "r":0.9396003893,
      "f":0.9416489758
    },
    "Person":{
      "p":0.9617037175,
      "r":0.9627828689,
      "f":0.9622429907
    },
    "PronType":{
      "p":0.9646464646,
      "r":0.9539400666,
      "f":0.9592633929
    },
    "Evident":{
      "p":0.9667994688,
      "r":0.9686003193,
      "f":0.9676990562
    },
    "Mood":{
      "p":0.9561743341,
      "r":0.9608272506,
      "f":0.9584951456
    },
    "Polarity":{
      "p":0.9627255107,
      "r":0.961865038,
      "f":0.962295082
    },
    "Tense":{
      "p":0.8923818708,
      "r":0.8944519621,
      "f":0.8934157173
    },
    "VerbForm":{
      "p":0.9602839021,
      "r":0.9630470998,
      "f":0.9616635161
    },
    "Voice":{
      "p":0.9578378378,
      "r":0.9618237742,
      "f":0.9598266679
    },
    "Definite":{
      "p":0.8981782694,
      "r":0.8929495472,
      "f":0.8955562764
    },
    "Degree":{
      "p":0.9490100353,
      "r":0.9423646647,
      "f":0.9456756757
    },
    "Poss":{
      "p":0.9942528736,
      "r":0.9301075269,
      "f":0.9611111111
    },
    "NumType":{
      "p":0.9555084746,
      "r":0.6731343284,
      "f":0.7898423818
    },
    "Reflex":{
      "p":0.9431171786,
      "r":0.8894849785,
      "f":0.9155162893
    },
    "Aspect":{
      "p":0.9059561129,
      "r":0.9038311181,
      "f":0.9048923679
    },
    "Foreign":{
      "p":0.8476821192,
      "r":0.6736842105,
      "f":0.7507331378
    },
    "Typo":{
      "p":0.0,
      "r":0.0,
      "f":0.0
    },
    "Abbr":{
      "p":1.0,
      "r":0.2283105023,
      "f":0.3717472119
    }
  },
  "sents_p":0.9590097403,
  "sents_r":0.9796849088,
  "sents_f":0.9692370796,
  "dep_uas":0.8503336511,
  "dep_las":0.7646594794,
  "dep_las_per_type":{
    "mark":{
      "p":0.8663303909,
      "r":0.9015748031,
      "f":0.8836012862
    },
    "fixed":{
      "p":0.7329545455,
      "r":0.9214285714,
      "f":0.8164556962
    },
    "nsubj":{
      "p":0.8457484188,
      "r":0.8677000721,
      "f":0.8565836299
    },
    "discourse":{
      "p":0.6673684211,
      "r":0.4634502924,
      "f":0.5470232959
    },
    "advcl":{
      "p":0.6414762742,
      "r":0.5555555556,
      "f":0.5954323002
    },
    "amod":{
      "p":0.8749308246,
      "r":0.8606423517,
      "f":0.8677277717
    },
    "obj":{
      "p":0.8739386022,
      "r":0.8598971722,
      "f":0.8668610301
    },
    "cc":{
      "p":0.8515228426,
      "r":0.8823142669,
      "f":0.8666451405
    },
    "det":{
      "p":0.8669482577,
      "r":0.8953107961,
      "f":0.8809012876
    },
    "conj":{
      "p":0.7268539843,
      "r":0.7370387669,
      "f":0.7319109462
    },
    "xcomp":{
      "p":0.6738056013,
      "r":0.7702448211,
      "f":0.7188049209
    },
    "aux":{
      "p":0.9198473282,
      "r":0.9377431907,
      "f":0.9287090559
    },
    "root":{
      "p":0.8669910787,
      "r":0.8864013267,
      "f":0.8765887659
    },
    "nmod":{
      "p":0.8425702811,
      "r":0.8117100851,
      "f":0.8268523384
    },
    "ccomp":{
      "p":0.7394789579,
      "r":0.5980551053,
      "f":0.6612903226
    },
    "dep":{
      "p":0.0052552553,
      "r":0.0673076923,
      "f":0.0097493036
    },
    "nummod":{
      "p":0.8,
      "r":0.7692307692,
      "f":0.7843137255
    },
    "case":{
      "p":0.9319470699,
      "r":0.9214953271,
      "f":0.9266917293
    },
    "iobj":{
      "p":0.6520547945,
      "r":0.5433789954,
      "f":0.5927770859
    },
    "advmod":{
      "p":0.7860394537,
      "r":0.8187565859,
      "f":0.8020645161
    },
    "obl":{
      "p":0.6992006731,
      "r":0.7350729766,
      "f":0.7166882277
    },
    "advmod:emph":{
      "p":0.7327586207,
      "r":0.6137184116,
      "f":0.6679764244
    },
    "acl":{
      "p":0.6971153846,
      "r":0.7096247961,
      "f":0.7033144705
    },
    "cop":{
      "p":0.7753779698,
      "r":0.7494780793,
      "f":0.7622080679
    },
    "aux:pass":{
      "p":0.0,
      "r":0.0,
      "f":0.0
    },
    "nsubj:pass":{
      "p":0.0,
      "r":0.0,
      "f":0.0
    },
    "parataxis":{
      "p":0.0,
      "r":0.0,
      "f":0.0
    },
    "appos":{
      "p":0.0,
      "r":0.0,
      "f":0.0
    },
    "flat":{
      "p":0.5789473684,
      "r":0.4024390244,
      "f":0.4748201439
    },
    "csubj":{
      "p":0.0,
      "r":0.0,
      "f":0.0
    },
    "flat:foreign":{
      "p":0.0,
      "r":0.0,
      "f":0.0
    },
    "flat:name":{
      "p":0.0,
      "r":0.0,
      "f":0.0
    },
    "vocative":{
      "p":0.0,
      "r":0.0,
      "f":0.0
    },
    "orphan":{
      "p":0.0,
      "r":0.0,
      "f":0.0
    },
    "reparandum":{
      "p":0.0,
      "r":0.0,
      "f":0.0
    },
    "advmod:neg":{
      "p":0.0,
      "r":0.0,
      "f":0.0
    },
    "compound":{
      "p":0.0,
      "r":0.0,
      "f":0.0
    },
    "goeswith":{
      "p":0.0,
      "r":0.0,
      "f":0.0
    },
    "dislocated":{
      "p":0.0,
      "r":0.0,
      "f":0.0
    },
    "csubj:pass":{
      "p":0.0,
      "r":0.0,
      "f":0.0
    }
  },
  "lemma_acc":0.8842515453,
  "speed":9936.7439975409
}