{
  "token_acc":0.9953056681,
  "token_p":0.9870704686,
  "token_r":0.9859068135,
  "token_f":0.9864882979,
  "tag_acc":0.6592986985,
  "pos_acc":0.8180119129,
  "morph_acc":0.7212845789,
  "morph_micro_p":0.7546581928,
  "morph_micro_r":0.7151894402,
  "morph_micro_f":0.7343939036,
  "morph_per_feat":{
    "ExtPos":{
      "p":0.8095238095,
      "r":0.6071428571,
      "f":0.693877551
    },
    "Case":{
      "p":0.7121248356,
      "r":0.6940333294,
      "f":0.7029627007
    },
    "Gender":{
      "p":0.7761541853,
      "r":0.7542538866,
      "f":0.7650473382
    },
    "Number":{
      "p":0.7914956884,
      "r":0.7619511078,
      "f":0.7764424479
    },
    "Person":{
      "p":0.7870524949,
      "r":0.7935290817,
      "f":0.7902775191
    },
    "PronType":{
      "p":0.9221902017,
      "r":0.8879023307,
      "f":0.9047215154
    },
    "Evident":{
      "p":0.7409353652,
      "r":0.7503991485,
      "f":0.745637229
    },
    "Mood":{
      "p":0.733902439,
      "r":0.7321167883,
      "f":0.7330085262
    },
    "Polarity":{
      "p":0.777241594,
      "r":0.743780724,
      "f":0.7601431073
    },
    "Tense":{
      "p":0.6952558525,
      "r":0.6487531413,
      "f":0.6712
    },
    "VerbForm":{
      "p":0.7218888187,
      "r":0.6922610934,
      "f":0.7067645922
    },
    "Voice":{
      "p":0.7440906427,
      "r":0.6891622942,
      "f":0.7155739245
    },
    "Definite":{
      "p":0.6536144578,
      "r":0.4912677878,
      "f":0.5609305761
    },
    "Degree":{
      "p":0.7118811881,
      "r":0.580931861,
      "f":0.639774581
    },
    "Poss":{
      "p":0.9626865672,
      "r":0.6935483871,
      "f":0.80625
    },
    "NumType":{
      "p":0.769047619,
      "r":0.4820895522,
      "f":0.5926605505
    },
    "Reflex":{
      "p":0.7066532258,
      "r":0.7521459227,
      "f":0.7286902287
    },
    "Aspect":{
      "p":0.6749226006,
      "r":0.511336982,
      "f":0.5818505338
    },
    "Foreign":{
      "p":0.0625,
      "r":0.0052631579,
      "f":0.0097087379
    },
    "Typo":{
      "p":0.0,
      "r":0.0,
      "f":0.0
    },
    "Abbr":{
      "p":0.9705882353,
      "r":0.1506849315,
      "f":0.2608695652
    }
  },
  "sents_p":0.7303170645,
  "sents_r":0.8499170813,
  "sents_f":0.7855911094,
  "dep_uas":0.5711178845,
  "dep_las":0.430428122,
  "dep_las_per_type":{
    "mark":{
      "p":0.5504926108,
      "r":0.5866141732,
      "f":0.5679796696
    },
    "fixed":{
      "p":0.4041666667,
      "r":0.6928571429,
      "f":0.5105263158
    },
    "nsubj":{
      "p":0.4664179104,
      "r":0.4506128335,
      "f":0.4583791713
    },
    "discourse":{
      "p":0.4844192635,
      "r":0.25,
      "f":0.3297974928
    },
    "advcl":{
      "p":0.2019950125,
      "r":0.1232876712,
      "f":0.1531190926
    },
    "amod":{
      "p":0.3650568182,
      "r":0.4197060425,
      "f":0.3904786022
    },
    "obj":{
      "p":0.4554024656,
      "r":0.4035989717,
      "f":0.4279386712
    },
    "cc":{
      "p":0.6302186879,
      "r":0.6252465483,
      "f":0.6277227723
    },
    "det":{
      "p":0.5369515012,
      "r":0.5070883315,
      "f":0.5215928211
    },
    "conj":{
      "p":0.251223491,
      "r":0.2877160206,
      "f":0.2682342695
    },
    "xcomp":{
      "p":0.5036144578,
      "r":0.3935969868,
      "f":0.4418604651
    },
    "aux":{
      "p":0.5870307167,
      "r":0.6692607004,
      "f":0.6254545455
    },
    "root":{
      "p":0.5083838744,
      "r":0.5907960199,
      "f":0.5465004794
    },
    "nmod":{
      "p":0.4827233171,
      "r":0.486458602,
      "f":0.4845837616
    },
    "ccomp":{
      "p":0.3506493506,
      "r":0.2188006483,
      "f":0.2694610778
    },
    "nummod":{
      "p":0.3699421965,
      "r":0.2237762238,
      "f":0.2788671024
    },
    "case":{
      "p":0.7254658385,
      "r":0.7277258567,
      "f":0.7265940902
    },
    "iobj":{
      "p":0.2671052632,
      "r":0.2317351598,
      "f":0.2481662592
    },
    "advmod":{
      "p":0.4971374046,
      "r":0.5489989463,
      "f":0.521782674
    },
    "obl":{
      "p":0.3211186114,
      "r":0.2945599292,
      "f":0.307266436
    },
    "advmod:emph":{
      "p":0.5040322581,
      "r":0.4512635379,
      "f":0.4761904762
    },
    "acl":{
      "p":0.2736842105,
      "r":0.339314845,
      "f":0.3029861617
    },
    "cop":{
      "p":0.4368770764,
      "r":0.5490605428,
      "f":0.486586494
    },
    "aux:pass":{
      "p":0.0,
      "r":0.0,
      "f":0.0
    },
    "nsubj:pass":{
      "p":0.0,
      "r":0.0,
      "f":0.0
    },
    "flat":{
      "p":0.2261904762,
      "r":0.2317073171,
      "f":0.2289156627
    },
    "dep":{
      "p":0.0030272452,
      "r":0.0288461538,
      "f":0.0054794521
    },
    "parataxis":{
      "p":0.0,
      "r":0.0,
      "f":0.0
    },
    "appos":{
      "p":0.0,
      "r":0.0,
      "f":0.0
    },
    "csubj":{
      "p":0.0,
      "r":0.0,
      "f":0.0
    },
    "flat:foreign":{
      "p":0.0,
      "r":0.0,
      "f":0.0
    },
    "flat:name":{
      "p":0.0,
      "r":0.0,
      "f":0.0
    },
    "vocative":{
      "p":0.0,
      "r":0.0,
      "f":0.0
    },
    "orphan":{
      "p":0.0,
      "r":0.0,
      "f":0.0
    },
    "reparandum":{
      "p":0.0,
      "r":0.0,
      "f":0.0
    },
    "advmod:neg":{
      "p":0.0,
      "r":0.0,
      "f":0.0
    },
    "compound":{
      "p":0.0,
      "r":0.0,
      "f":0.0
    },
    "goeswith":{
      "p":0.0,
      "r":0.0,
      "f":0.0
    },
    "dislocated":{
      "p":0.0,
      "r":0.0,
      "f":0.0
    },
    "csubj:pass":{
      "p":0.0,
      "r":0.0,
      "f":0.0
    }
  },
  "lemma_acc":0.8842515453,
  "speed":19710.4243162236
}