{
  "token_acc":0.9953056681,
  "token_p":0.9870704686,
  "token_r":0.9859068135,
  "token_f":0.9864882979,
  "tag_acc":0.7433173775,
  "pos_acc":0.874964704,
  "morph_acc":0.7998978041,
  "morph_micro_p":0.8286937688,
  "morph_micro_r":0.811791738,
  "morph_micro_f":0.820155682,
  "morph_per_feat":{
    "ExtPos":{
      "p":0.8208955224,
      "r":0.7857142857,
      "f":0.802919708
    },
    "Case":{
      "p":0.8180235351,
      "r":0.7939051393,
      "f":0.8057839021
    },
    "Gender":{
      "p":0.8503224991,
      "r":0.823050557,
      "f":0.8364642946
    },
    "Number":{
      "p":0.8639688532,
      "r":0.8384954486,
      "f":0.8510415759
    },
    "Person":{
      "p":0.8413178985,
      "r":0.883486067,
      "f":0.8618865171
    },
    "PronType":{
      "p":0.9603573423,
      "r":0.9544950055,
      "f":0.9574172001
    },
    "Evident":{
      "p":0.8040089087,
      "r":0.8645556147,
      "f":0.8331837415
    },
    "Mood":{
      "p":0.7936651584,
      "r":0.8535279805,
      "f":0.8225087925
    },
    "Polarity":{
      "p":0.8291642142,
      "r":0.8394160584,
      "f":0.8342586424
    },
    "Tense":{
      "p":0.7690494894,
      "r":0.7570075391,
      "f":0.7629810034
    },
    "VerbForm":{
      "p":0.7910805148,
      "r":0.8005452067,
      "f":0.7957847196
    },
    "Voice":{
      "p":0.8061392289,
      "r":0.7982630722,
      "f":0.8021818182
    },
    "Definite":{
      "p":0.7653775322,
      "r":0.6720569211,
      "f":0.7156879628
    },
    "Degree":{
      "p":0.8110749186,
      "r":0.7376784271,
      "f":0.7726375176
    },
    "Poss":{
      "p":0.9719101124,
      "r":0.9301075269,
      "f":0.9505494505
    },
    "NumType":{
      "p":0.8266384778,
      "r":0.5835820896,
      "f":0.6841644794
    },
    "Reflex":{
      "p":0.745308311,
      "r":0.8948497854,
      "f":0.8132618235
    },
    "Aspect":{
      "p":0.7760736196,
      "r":0.593432369,
      "f":0.6725742136
    },
    "Foreign":{
      "p":0.4406779661,
      "r":0.1368421053,
      "f":0.2088353414
    },
    "Typo":{
      "p":0.0,
      "r":0.0,
      "f":0.0
    },
    "Abbr":{
      "p":0.9333333333,
      "r":0.1278538813,
      "f":0.2248995984
    }
  },
  "sents_p":0.8214285714,
  "sents_r":0.9058872305,
  "sents_f":0.8615930599,
  "dep_uas":0.6597707576,
  "dep_las":0.5566735721,
  "dep_las_per_type":{
    "mark":{
      "p":0.6687898089,
      "r":0.688976378,
      "f":0.6787330317
    },
    "fixed":{
      "p":0.5756097561,
      "r":0.8428571429,
      "f":0.684057971
    },
    "nsubj":{
      "p":0.6066055046,
      "r":0.595890411,
      "f":0.6012002182
    },
    "discourse":{
      "p":0.538869258,
      "r":0.4459064327,
      "f":0.488
    },
    "advcl":{
      "p":0.3697674419,
      "r":0.2420091324,
      "f":0.2925482981
    },
    "amod":{
      "p":0.5217152281,
      "r":0.5166031573,
      "f":0.5191466083
    },
    "obj":{
      "p":0.6007853403,
      "r":0.5899742931,
      "f":0.5953307393
    },
    "cc":{
      "p":0.6990163934,
      "r":0.7008547009,
      "f":0.6999343401
    },
    "det":{
      "p":0.6293838863,
      "r":0.7241003272,
      "f":0.6734279919
    },
    "conj":{
      "p":0.3700404858,
      "r":0.4269033162,
      "f":0.3964432878
    },
    "xcomp":{
      "p":0.4450867052,
      "r":0.5800376648,
      "f":0.5036794767
    },
    "aux":{
      "p":0.7389830508,
      "r":0.8482490272,
      "f":0.7898550725
    },
    "root":{
      "p":0.647103085,
      "r":0.7131011609,
      "f":0.6785009862
    },
    "nmod":{
      "p":0.5976216814,
      "r":0.5573897343,
      "f":0.576805018
    },
    "ccomp":{
      "p":0.4553903346,
      "r":0.397082658,
      "f":0.4242424242
    },
    "obl":{
      "p":0.4367716875,
      "r":0.4475895621,
      "f":0.4421144605
    },
    "nummod":{
      "p":0.6229508197,
      "r":0.3986013986,
      "f":0.4861407249
    },
    "case":{
      "p":0.7968652038,
      "r":0.7919003115,
      "f":0.794375
    },
    "iobj":{
      "p":0.396875,
      "r":0.2899543379,
      "f":0.3350923483
    },
    "advmod":{
      "p":0.6254148886,
      "r":0.6949420443,
      "f":0.6583478912
    },
    "acl":{
      "p":0.4981132075,
      "r":0.4306688418,
      "f":0.4619422572
    },
    "advmod:emph":{
      "p":0.5486381323,
      "r":0.5090252708,
      "f":0.5280898876
    },
    "advmod:neg":{
      "p":0.4347826087,
      "r":0.3846153846,
      "f":0.4081632653
    },
    "cop":{
      "p":0.5242070117,
      "r":0.6555323591,
      "f":0.5825602968
    },
    "aux:pass":{
      "p":0.8515625,
      "r":0.5093457944,
      "f":0.6374269006
    },
    "nsubj:pass":{
      "p":0.5283018868,
      "r":0.2204724409,
      "f":0.3111111111
    },
    "parataxis":{
      "p":0.1333333333,
      "r":0.0540540541,
      "f":0.0769230769
    },
    "appos":{
      "p":0.2173913043,
      "r":0.0746268657,
      "f":0.1111111111
    },
    "dep":{
      "p":0.0091463415,
      "r":0.0288461538,
      "f":0.0138888889
    },
    "flat":{
      "p":0.4142857143,
      "r":0.3536585366,
      "f":0.3815789474
    },
    "csubj":{
      "p":0.3456790123,
      "r":0.2745098039,
      "f":0.306010929
    },
    "flat:foreign":{
      "p":0.0,
      "r":0.0,
      "f":0.0
    },
    "orphan":{
      "p":0.1666666667,
      "r":0.0693069307,
      "f":0.0979020979
    },
    "flat:name":{
      "p":0.6597938144,
      "r":0.1767955801,
      "f":0.2788671024
    },
    "vocative":{
      "p":0.0,
      "r":0.0,
      "f":0.0
    },
    "reparandum":{
      "p":0.0,
      "r":0.0,
      "f":0.0
    },
    "compound":{
      "p":0.0,
      "r":0.0,
      "f":0.0
    },
    "goeswith":{
      "p":0.0,
      "r":0.0,
      "f":0.0
    },
    "dislocated":{
      "p":0.0,
      "r":0.0,
      "f":0.0
    },
    "csubj:pass":{
      "p":0.0,
      "r":0.0,
      "f":0.0
    }
  },
  "lemma_acc":0.6764041924,
  "speed":19466.7227617138
}