{
  "token_acc":0.9953056681,
  "token_p":0.9870704686,
  "token_r":0.9859068135,
  "token_f":0.9864882979,
  "tag_acc":0.8657371269,
  "pos_acc":0.9461740359,
  "morph_acc":0.9069053708,
  "morph_micro_p":0.9346147331,
  "morph_micro_r":0.9171058421,
  "morph_micro_f":0.9257775102,
  "morph_per_feat":{
    "ExtPos":{
      "p":0.8984375,
      "r":0.8214285714,
      "f":0.8582089552
    },
    "Case":{
      "p":0.9195597447,
      "r":0.9152196714,
      "f":0.9173845749
    },
    "Gender":{
      "p":0.9358413891,
      "r":0.9302852246,
      "f":0.9330550355
    },
    "Number":{
      "p":0.9415644527,
      "r":0.9316997767,
      "f":0.9366061408
    },
    "Person":{
      "p":0.9550153139,
      "r":0.9330465682,
      "f":0.9439031312
    },
    "PronType":{
      "p":0.9851748252,
      "r":0.9772475028,
      "f":0.9811951525
    },
    "Evident":{
      "p":0.9486057955,
      "r":0.9233634912,
      "f":0.9358144552
    },
    "Mood":{
      "p":0.9389694847,
      "r":0.9133819951,
      "f":0.9259990133
    },
    "Polarity":{
      "p":0.942070853,
      "r":0.9229852525,
      "f":0.9324303988
    },
    "Tense":{
      "p":0.9132867133,
      "r":0.8836265223,
      "f":0.8982118294
    },
    "VerbForm":{
      "p":0.9280964899,
      "r":0.9089807663,
      "f":0.9184391737
    },
    "Voice":{
      "p":0.9401309635,
      "r":0.90917315,
      "f":0.924392936
    },
    "Definite":{
      "p":0.9014037433,
      "r":0.8722509702,
      "f":0.8865877712
    },
    "Degree":{
      "p":0.9257521391,
      "r":0.9033126852,
      "f":0.9143947655
    },
    "Poss":{
      "p":1.0,
      "r":0.9677419355,
      "f":0.9836065574
    },
    "NumType":{
      "p":0.9753787879,
      "r":0.7686567164,
      "f":0.8597662771
    },
    "Reflex":{
      "p":0.9453551913,
      "r":0.928111588,
      "f":0.9366540336
    },
    "Aspect":{
      "p":0.8845208845,
      "r":0.8444096951,
      "f":0.864
    },
    "Foreign":{
      "p":0.8455284553,
      "r":0.5473684211,
      "f":0.6645367412
    },
    "Typo":{
      "p":0.0,
      "r":0.0,
      "f":0.0
    },
    "Abbr":{
      "p":0.9175257732,
      "r":0.8127853881,
      "f":0.8619854722
    }
  },
  "sents_p":0.9722335647,
  "sents_r":0.9871475954,
  "sents_f":0.9796338202,
  "dep_uas":0.8074221513,
  "dep_las":0.7514308269,
  "dep_las_per_type":{
    "mark":{
      "p":0.8452380952,
      "r":0.8385826772,
      "f":0.8418972332
    },
    "fixed":{
      "p":0.8506493506,
      "r":0.9357142857,
      "f":0.8911564626
    },
    "nsubj":{
      "p":0.8107129931,
      "r":0.8074981975,
      "f":0.809102402
    },
    "discourse":{
      "p":0.6785079929,
      "r":0.5584795322,
      "f":0.612670409
    },
    "advcl":{
      "p":0.597972973,
      "r":0.5388127854,
      "f":0.5668534828
    },
    "amod":{
      "p":0.8002250985,
      "r":0.7740881873,
      "f":0.786939679
    },
    "obj":{
      "p":0.8199595415,
      "r":0.7814910026,
      "f":0.8002632445
    },
    "cc":{
      "p":0.8022121015,
      "r":0.8106508876,
      "f":0.8064094179
    },
    "det":{
      "p":0.8563596491,
      "r":0.8516902944,
      "f":0.8540185894
    },
    "conj":{
      "p":0.5900759946,
      "r":0.6165343298,
      "f":0.6030150754
    },
    "xcomp":{
      "p":0.7978723404,
      "r":0.7062146893,
      "f":0.7492507493
    },
    "aux":{
      "p":0.8901515152,
      "r":0.9143968872,
      "f":0.9021113244
    },
    "root":{
      "p":0.8363412633,
      "r":0.8453565506,
      "f":0.8408247423
    },
    "nmod":{
      "p":0.7696985052,
      "r":0.7835955636,
      "f":0.7765848671
    },
    "ccomp":{
      "p":0.7008,
      "r":0.7098865478,
      "f":0.7053140097
    },
    "nummod":{
      "p":0.845323741,
      "r":0.8216783217,
      "f":0.8333333333
    },
    "case":{
      "p":0.9093769666,
      "r":0.9003115265,
      "f":0.9048215404
    },
    "iobj":{
      "p":0.574185766,
      "r":0.5433789954,
      "f":0.5583577713
    },
    "advmod":{
      "p":0.7809712587,
      "r":0.8303477345,
      "f":0.8049029622
    },
    "obl":{
      "p":0.669241254,
      "r":0.6514816453,
      "f":0.6602420439
    },
    "advmod:emph":{
      "p":0.7251908397,
      "r":0.6859205776,
      "f":0.7050092764
    },
    "acl":{
      "p":0.6993127148,
      "r":0.6639477977,
      "f":0.6811715481
    },
    "advmod:neg":{
      "p":0.56,
      "r":0.5384615385,
      "f":0.5490196078
    },
    "cop":{
      "p":0.74375,
      "r":0.745302714,
      "f":0.7445255474
    },
    "aux:pass":{
      "p":0.9117647059,
      "r":0.8691588785,
      "f":0.8899521531
    },
    "nsubj:pass":{
      "p":0.807860262,
      "r":0.7283464567,
      "f":0.7660455487
    },
    "parataxis":{
      "p":0.5052631579,
      "r":0.4324324324,
      "f":0.4660194175
    },
    "appos":{
      "p":0.38,
      "r":0.2835820896,
      "f":0.3247863248
    },
    "dep":{
      "p":0.0367647059,
      "r":0.0480769231,
      "f":0.0416666667
    },
    "csubj:pass":{
      "p":0.5,
      "r":0.1666666667,
      "f":0.25
    },
    "csubj":{
      "p":0.6593406593,
      "r":0.5882352941,
      "f":0.621761658
    },
    "flat":{
      "p":0.6949152542,
      "r":0.5,
      "f":0.5815602837
    },
    "orphan":{
      "p":0.2686567164,
      "r":0.1782178218,
      "f":0.2142857143
    },
    "flat:foreign":{
      "p":1.0,
      "r":0.0833333333,
      "f":0.1538461538
    },
    "flat:name":{
      "p":0.8274760383,
      "r":0.7154696133,
      "f":0.7674074074
    },
    "vocative":{
      "p":0.1764705882,
      "r":0.1034482759,
      "f":0.1304347826
    },
    "reparandum":{
      "p":0.0,
      "r":0.0,
      "f":0.0
    },
    "compound":{
      "p":0.6666666667,
      "r":0.6666666667,
      "f":0.6666666667
    },
    "goeswith":{
      "p":0.0,
      "r":0.0,
      "f":0.0
    },
    "dislocated":{
      "p":0.0,
      "r":0.0,
      "f":0.0
    }
  },
  "lemma_acc":0.7924213921,
  "speed":19043.2407459041
}