{
  "token_acc":0.9953056681,
  "token_p":0.9870704686,
  "token_r":0.9859068135,
  "token_f":0.9864882979,
  "tag_acc":0.8394579975,
  "pos_acc":0.9310349468,
  "morph_acc":0.8829893162,
  "morph_micro_p":0.9102200634,
  "morph_micro_r":0.8978049377,
  "morph_micro_f":0.9039698752,
  "morph_per_feat":{
    "ExtPos":{
      "p":0.8872180451,
      "r":0.8428571429,
      "f":0.8644688645
    },
    "Case":{
      "p":0.8940824585,
      "r":0.888299732,
      "f":0.8911817146
    },
    "Gender":{
      "p":0.911793733,
      "r":0.9047619048,
      "f":0.9082642089
    },
    "Number":{
      "p":0.9205401646,
      "r":0.9093147077,
      "f":0.9148930042
    },
    "Person":{
      "p":0.934086629,
      "r":0.9276229661,
      "f":0.930843577
    },
    "PronType":{
      "p":0.9801343033,
      "r":0.9719755827,
      "f":0.9760378936
    },
    "Evident":{
      "p":0.9173333333,
      "r":0.9153805216,
      "f":0.9163558871
    },
    "Mood":{
      "p":0.906455542,
      "r":0.9053527981,
      "f":0.9059038344
    },
    "Polarity":{
      "p":0.9164792323,
      "r":0.9104722181,
      "f":0.9134658496
    },
    "Tense":{
      "p":0.8822605965,
      "r":0.8691281655,
      "f":0.8756451456
    },
    "VerbForm":{
      "p":0.900137216,
      "r":0.8941390277,
      "f":0.897128096
    },
    "Voice":{
      "p":0.9104751422,
      "r":0.8979554912,
      "f":0.9041719803
    },
    "Definite":{
      "p":0.8779421654,
      "r":0.8444372574,
      "f":0.8608638312
    },
    "Degree":{
      "p":0.9095463401,
      "r":0.8801508214,
      "f":0.8946071722
    },
    "Poss":{
      "p":0.9944751381,
      "r":0.9677419355,
      "f":0.9809264305
    },
    "NumType":{
      "p":0.9669902913,
      "r":0.7432835821,
      "f":0.8405063291
    },
    "Reflex":{
      "p":0.8892339545,
      "r":0.9216738197,
      "f":0.9051633298
    },
    "Aspect":{
      "p":0.8600823045,
      "r":0.8170445661,
      "f":0.8380112269
    },
    "Foreign":{
      "p":0.808988764,
      "r":0.3789473684,
      "f":0.5161290323
    },
    "Typo":{
      "p":0.0,
      "r":0.0,
      "f":0.0
    },
    "Abbr":{
      "p":0.9157303371,
      "r":0.7442922374,
      "f":0.8211586902
    }
  },
  "sents_p":0.9409401366,
  "sents_r":0.9709784411,
  "sents_f":0.9557233218,
  "dep_uas":0.7679726194,
  "dep_las":0.6989141165,
  "dep_las_per_type":{
    "mark":{
      "p":0.7959442332,
      "r":0.8241469816,
      "f":0.8098001289
    },
    "fixed":{
      "p":0.884057971,
      "r":0.8714285714,
      "f":0.8776978417
    },
    "nsubj":{
      "p":0.7366760168,
      "r":0.7573900505,
      "f":0.7468894419
    },
    "discourse":{
      "p":0.6215213358,
      "r":0.4897660819,
      "f":0.5478331971
    },
    "advcl":{
      "p":0.5656192237,
      "r":0.4657534247,
      "f":0.510851419
    },
    "amod":{
      "p":0.7553252735,
      "r":0.7142079477,
      "f":0.7341913822
    },
    "obj":{
      "p":0.78546471,
      "r":0.7223650386,
      "f":0.7525945765
    },
    "cc":{
      "p":0.7965425532,
      "r":0.7876397107,
      "f":0.7920661157
    },
    "det":{
      "p":0.7796086509,
      "r":0.8255179935,
      "f":0.8019067797
    },
    "conj":{
      "p":0.5018248175,
      "r":0.5137786081,
      "f":0.507731364
    },
    "xcomp":{
      "p":0.6787072243,
      "r":0.6723163842,
      "f":0.6754966887
    },
    "aux":{
      "p":0.8623188406,
      "r":0.9260700389,
      "f":0.8930581614
    },
    "root":{
      "p":0.7792628595,
      "r":0.7976782753,
      "f":0.7883630404
    },
    "nmod":{
      "p":0.7399103139,
      "r":0.7234975497,
      "f":0.7316118936
    },
    "ccomp":{
      "p":0.6409395973,
      "r":0.6191247974,
      "f":0.6298433636
    },
    "nummod":{
      "p":0.8085106383,
      "r":0.7972027972,
      "f":0.8028169014
    },
    "case":{
      "p":0.8789209536,
      "r":0.8728971963,
      "f":0.8758987183
    },
    "iobj":{
      "p":0.5141318977,
      "r":0.4360730594,
      "f":0.4718962322
    },
    "advmod":{
      "p":0.7520242915,
      "r":0.7829293994,
      "f":0.7671657202
    },
    "obl":{
      "p":0.5881121808,
      "r":0.6214064573,
      "f":0.6043010753
    },
    "advmod:emph":{
      "p":0.6861313869,
      "r":0.678700361,
      "f":0.6823956443
    },
    "acl":{
      "p":0.6015748031,
      "r":0.6231647635,
      "f":0.6121794872
    },
    "advmod:neg":{
      "p":0.5,
      "r":0.6538461538,
      "f":0.5666666667
    },
    "csubj":{
      "p":0.625,
      "r":0.4411764706,
      "f":0.5172413793
    },
    "cop":{
      "p":0.6192236599,
      "r":0.6993736952,
      "f":0.6568627451
    },
    "aux:pass":{
      "p":0.8934010152,
      "r":0.8224299065,
      "f":0.8564476886
    },
    "nsubj:pass":{
      "p":0.8,
      "r":0.6614173228,
      "f":0.724137931
    },
    "parataxis":{
      "p":0.4526315789,
      "r":0.3873873874,
      "f":0.4174757282
    },
    "appos":{
      "p":0.3783783784,
      "r":0.2089552239,
      "f":0.2692307692
    },
    "dep":{
      "p":0.027173913,
      "r":0.0480769231,
      "f":0.0347222222
    },
    "flat":{
      "p":0.5454545455,
      "r":0.3658536585,
      "f":0.4379562044
    },
    "orphan":{
      "p":0.2,
      "r":0.099009901,
      "f":0.1324503311
    },
    "flat:name":{
      "p":0.721875,
      "r":0.638121547,
      "f":0.6774193548
    },
    "flat:foreign":{
      "p":0.0,
      "r":0.0,
      "f":0.0
    },
    "csubj:pass":{
      "p":0.5,
      "r":0.4166666667,
      "f":0.4545454545
    },
    "vocative":{
      "p":0.0,
      "r":0.0,
      "f":0.0
    },
    "reparandum":{
      "p":0.0,
      "r":0.0,
      "f":0.0
    },
    "compound":{
      "p":0.0,
      "r":0.0,
      "f":0.0
    },
    "goeswith":{
      "p":0.0,
      "r":0.0,
      "f":0.0
    },
    "dislocated":{
      "p":0.0,
      "r":0.0,
      "f":0.0
    }
  },
  "lemma_acc":0.8842515453,
  "speed":17577.199609755
}