{
  "token_acc":0.9953056681,
  "token_p":0.9870704686,
  "token_r":0.9859068135,
  "token_f":0.9864882979,
  "tag_acc":0.5582451849,
  "pos_acc":0.733551084,
  "morph_acc":0.6184291899,
  "morph_micro_p":0.6543635135,
  "morph_micro_r":0.5869469567,
  "morph_micro_f":0.6188245118,
  "morph_per_feat":{
    "ExtPos":{
      "p":0.775,
      "r":0.4428571429,
      "f":0.5636363636
    },
    "Case":{
      "p":0.6151484776,
      "r":0.5721361147,
      "f":0.5928631808
    },
    "Gender":{
      "p":0.691016064,
      "r":0.6397967928,
      "f":0.664420785
    },
    "Number":{
      "p":0.7189778747,
      "r":0.6604454113,
      "f":0.6884698019
    },
    "Person":{
      "p":0.6640699221,
      "r":0.6536375538,
      "f":0.6588124411
    },
    "PronType":{
      "p":0.8539114043,
      "r":0.7541620422,
      "f":0.8009429792
    },
    "Evident":{
      "p":0.5924358635,
      "r":0.596061735,
      "f":0.5942432683
    },
    "Mood":{
      "p":0.59425,
      "r":0.5783454988,
      "f":0.586189889
    },
    "Polarity":{
      "p":0.6687641175,
      "r":0.6174586623,
      "f":0.6420881419
    },
    "Tense":{
      "p":0.5608397601,
      "r":0.5060893099,
      "f":0.53205975
    },
    "VerbForm":{
      "p":0.5883892069,
      "r":0.5449038316,
      "f":0.5658122346
    },
    "Voice":{
      "p":0.6251278903,
      "r":0.5527410892,
      "f":0.5867101978
    },
    "Definite":{
      "p":0.5653347732,
      "r":0.3386157827,
      "f":0.4235436893
    },
    "Degree":{
      "p":0.5943947061,
      "r":0.4112577431,
      "f":0.4861509074
    },
    "Poss":{
      "p":0.9217391304,
      "r":0.5698924731,
      "f":0.7043189369
    },
    "NumType":{
      "p":0.6637426901,
      "r":0.3388059701,
      "f":0.4486166008
    },
    "Reflex":{
      "p":0.7375366569,
      "r":0.5396995708,
      "f":0.6232961586
    },
    "Aspect":{
      "p":0.5816917729,
      "r":0.392494136,
      "f":0.4687208217
    },
    "Foreign":{
      "p":0.0,
      "r":0.0,
      "f":0.0
    },
    "Typo":{
      "p":0.0,
      "r":0.0,
      "f":0.0
    },
    "Abbr":{
      "p":1.0,
      "r":0.0091324201,
      "f":0.0180995475
    }
  },
  "sents_p":0.5507425743,
  "sents_r":0.7379767828,
  "sents_f":0.6307583274,
  "dep_uas":0.481594841,
  "dep_las":0.2936854679,
  "dep_las_per_type":{
    "mark":{
      "p":0.4334916865,
      "r":0.4790026247,
      "f":0.4551122195
    },
    "fixed":{
      "p":0.0,
      "r":0.0,
      "f":0.0
    },
    "nsubj":{
      "p":0.3069407008,
      "r":0.328406633,
      "f":0.3173110414
    },
    "discourse":{
      "p":0.28125,
      "r":0.1315789474,
      "f":0.1792828685
    },
    "advcl":{
      "p":0.074829932,
      "r":0.0502283105,
      "f":0.0601092896
    },
    "amod":{
      "p":0.2748414376,
      "r":0.2123026674,
      "f":0.2395577396
    },
    "obj":{
      "p":0.2769337017,
      "r":0.2577120823,
      "f":0.2669773635
    },
    "cc":{
      "p":0.4902080783,
      "r":0.5266272189,
      "f":0.5077654517
    },
    "det":{
      "p":0.3319946452,
      "r":0.2704471101,
      "f":0.2980769231
    },
    "conj":{
      "p":0.1615356755,
      "r":0.208313872,
      "f":0.1819665443
    },
    "xcomp":{
      "p":0.3238095238,
      "r":0.2561205273,
      "f":0.2860147213
    },
    "aux":{
      "p":0.0,
      "r":0.0,
      "f":0.0
    },
    "root":{
      "p":0.3400309119,
      "r":0.456053068,
      "f":0.3895873915
    },
    "nmod":{
      "p":0.3710470836,
      "r":0.4085633222,
      "f":0.3889025288
    },
    "ccomp":{
      "p":0.2038461538,
      "r":0.0858995138,
      "f":0.1208665906
    },
    "advmod":{
      "p":0.3428839831,
      "r":0.3846153846,
      "f":0.3625527688
    },
    "dep":{
      "p":0.0028418061,
      "r":0.0865384615,
      "f":0.0055029043
    },
    "nummod":{
      "p":0.0,
      "r":0.0,
      "f":0.0
    },
    "case":{
      "p":0.6356923077,
      "r":0.6436137072,
      "f":0.639628483
    },
    "iobj":{
      "p":0.2356164384,
      "r":0.098173516,
      "f":0.1385979049
    },
    "obl":{
      "p":0.2174505794,
      "r":0.1410880142,
      "f":0.1711373391
    },
    "advmod:emph":{
      "p":0.0,
      "r":0.0,
      "f":0.0
    },
    "cop":{
      "p":0.3126110124,
      "r":0.3674321503,
      "f":0.3378119002
    },
    "acl":{
      "p":0.1886227545,
      "r":0.1027732463,
      "f":0.1330517423
    },
    "aux:pass":{
      "p":0.0,
      "r":0.0,
      "f":0.0
    },
    "nsubj:pass":{
      "p":0.0,
      "r":0.0,
      "f":0.0
    },
    "parataxis":{
      "p":0.0,
      "r":0.0,
      "f":0.0
    },
    "appos":{
      "p":0.0,
      "r":0.0,
      "f":0.0
    },
    "csubj":{
      "p":0.0,
      "r":0.0,
      "f":0.0
    },
    "flat":{
      "p":0.0,
      "r":0.0,
      "f":0.0
    },
    "flat:foreign":{
      "p":0.0,
      "r":0.0,
      "f":0.0
    },
    "flat:name":{
      "p":0.0,
      "r":0.0,
      "f":0.0
    },
    "vocative":{
      "p":0.0,
      "r":0.0,
      "f":0.0
    },
    "orphan":{
      "p":0.0,
      "r":0.0,
      "f":0.0
    },
    "reparandum":{
      "p":0.0,
      "r":0.0,
      "f":0.0
    },
    "advmod:neg":{
      "p":0.0,
      "r":0.0,
      "f":0.0
    },
    "compound":{
      "p":0.0,
      "r":0.0,
      "f":0.0
    },
    "goeswith":{
      "p":0.0,
      "r":0.0,
      "f":0.0
    },
    "dislocated":{
      "p":0.0,
      "r":0.0,
      "f":0.0
    },
    "csubj:pass":{
      "p":0.0,
      "r":0.0,
      "f":0.0
    }
  },
  "lemma_acc":0.8842515453,
  "speed":18598.2425514395
}