{
  "token_acc":0.9953056681,
  "token_p":0.9870704686,
  "token_r":0.9859068135,
  "token_f":0.9864882979,
  "tag_acc":0.6608707355,
  "pos_acc":0.9157660992,
  "morph_acc":0.776385393,
  "morph_micro_p":0.8691682662,
  "morph_micro_r":0.8545001222,
  "morph_micro_f":0.8617717824,
  "morph_per_feat":{
    "ExtPos":{
      "p":0.8720930233,
      "r":0.5357142857,
      "f":0.6637168142
    },
    "Case":{
      "p":0.8697922711,
      "r":0.8734413239,
      "f":0.8716129783
    },
    "Gender":{
      "p":0.8133910077,
      "r":0.8171746848,
      "f":0.8152784563
    },
    "Number":{
      "p":0.8802292264,
      "r":0.8793725311,
      "f":0.8798006702
    },
    "Person":{
      "p":0.8950745424,
      "r":0.8870394614,
      "f":0.8910388878
    },
    "PronType":{
      "p":0.9041218638,
      "r":0.839900111,
      "f":0.8708285386
    },
    "Evident":{
      "p":0.9206432903,
      "r":0.929217669,
      "f":0.9249106079
    },
    "Mood":{
      "p":0.9100850547,
      "r":0.9111922141,
      "f":0.9106382979
    },
    "Polarity":{
      "p":0.9272036474,
      "r":0.9088336064,
      "f":0.9179267284
    },
    "Tense":{
      "p":0.7965070644,
      "r":0.7846510729,
      "f":0.7905346188
    },
    "VerbForm":{
      "p":0.9106455092,
      "r":0.8951991519,
      "f":0.90285627
    },
    "Voice":{
      "p":0.9210040605,
      "r":0.9028406007,
      "f":0.9118318867
    },
    "Definite":{
      "p":0.7624918884,
      "r":0.7600258732,
      "f":0.7612568837
    },
    "Degree":{
      "p":0.8626038781,
      "r":0.8386749259,
      "f":0.8504711184
    },
    "Poss":{
      "p":0.8881987578,
      "r":0.7688172043,
      "f":0.8242074928
    },
    "NumType":{
      "p":0.8832951945,
      "r":0.576119403,
      "f":0.6973803071
    },
    "Reflex":{
      "p":0.8786206897,
      "r":0.6834763948,
      "f":0.7688593844
    },
    "Aspect":{
      "p":0.7884780739,
      "r":0.71696638,
      "f":0.751023751
    },
    "Typo":{
      "p":0.0,
      "r":0.0,
      "f":0.0
    },
    "Foreign":{
      "p":0.0,
      "r":0.0,
      "f":0.0
    },
    "Abbr":{
      "p":1.0,
      "r":0.0136986301,
      "f":0.027027027
    }
  },
  "sents_p":0.9416498994,
  "sents_r":0.9701492537,
  "sents_f":0.9556871554,
  "dep_uas":0.7635282718,
  "dep_las":0.6162712421,
  "dep_las_per_type":{
    "mark":{
      "p":0.7829839704,
      "r":0.8333333333,
      "f":0.8073744437
    },
    "fixed":{
      "p":0.0,
      "r":0.0,
      "f":0.0
    },
    "nsubj":{
      "p":0.7404952912,
      "r":0.7653208363,
      "f":0.7527034214
    },
    "discourse":{
      "p":0.5415162455,
      "r":0.2192982456,
      "f":0.3121748179
    },
    "advcl":{
      "p":0.3689320388,
      "r":0.2313546423,
      "f":0.2843779233
    },
    "amod":{
      "p":0.7453703704,
      "r":0.7887860642,
      "f":0.7664638984
    },
    "obj":{
      "p":0.745526839,
      "r":0.7230077121,
      "f":0.7340946166
    },
    "cc":{
      "p":0.7769230769,
      "r":0.7968441815,
      "f":0.7867575463
    },
    "det":{
      "p":0.7804054054,
      "r":0.7557251908,
      "f":0.767867036
    },
    "conj":{
      "p":0.5197195443,
      "r":0.5539467539,
      "f":0.5362875876
    },
    "xcomp":{
      "p":0.6372745491,
      "r":0.5988700565,
      "f":0.6174757282
    },
    "aux":{
      "p":0.0,
      "r":0.0,
      "f":0.0
    },
    "root":{
      "p":0.7791633146,
      "r":0.8030679934,
      "f":0.7909350755
    },
    "nmod":{
      "p":0.7409254641,
      "r":0.6897085375,
      "f":0.7144002137
    },
    "ccomp":{
      "p":0.5636007828,
      "r":0.4667747164,
      "f":0.5106382979
    },
    "advmod":{
      "p":0.6746252082,
      "r":0.6401475237,
      "f":0.6569343066
    },
    "dep":{
      "p":0.0046097111,
      "r":0.1442307692,
      "f":0.0089338892
    },
    "nummod":{
      "p":0.0,
      "r":0.0,
      "f":0.0
    },
    "case":{
      "p":0.8478787879,
      "r":0.8716510903,
      "f":0.8596006144
    },
    "iobj":{
      "p":0.4942528736,
      "r":0.24543379,
      "f":0.3279938978
    },
    "obl":{
      "p":0.5721153846,
      "r":0.5789473684,
      "f":0.5755111013
    },
    "acl":{
      "p":0.5720930233,
      "r":0.6019575856,
      "f":0.586645469
    },
    "advmod:emph":{
      "p":0.0,
      "r":0.0,
      "f":0.0
    },
    "cop":{
      "p":0.6460554371,
      "r":0.6325678497,
      "f":0.6392405063
    },
    "aux:pass":{
      "p":0.0,
      "r":0.0,
      "f":0.0
    },
    "nsubj:pass":{
      "p":0.0,
      "r":0.0,
      "f":0.0
    },
    "parataxis":{
      "p":0.0,
      "r":0.0,
      "f":0.0
    },
    "appos":{
      "p":0.0,
      "r":0.0,
      "f":0.0
    },
    "csubj":{
      "p":0.0,
      "r":0.0,
      "f":0.0
    },
    "flat":{
      "p":0.0,
      "r":0.0,
      "f":0.0
    },
    "flat:foreign":{
      "p":0.0,
      "r":0.0,
      "f":0.0
    },
    "flat:name":{
      "p":0.0,
      "r":0.0,
      "f":0.0
    },
    "vocative":{
      "p":0.0,
      "r":0.0,
      "f":0.0
    },
    "orphan":{
      "p":0.0,
      "r":0.0,
      "f":0.0
    },
    "reparandum":{
      "p":0.0,
      "r":0.0,
      "f":0.0
    },
    "advmod:neg":{
      "p":0.0,
      "r":0.0,
      "f":0.0
    },
    "compound":{
      "p":0.0,
      "r":0.0,
      "f":0.0
    },
    "goeswith":{
      "p":0.0,
      "r":0.0,
      "f":0.0
    },
    "dislocated":{
      "p":0.0,
      "r":0.0,
      "f":0.0
    },
    "csubj:pass":{
      "p":0.0,
      "r":0.0,
      "f":0.0
    }
  },
  "lemma_acc":0.8842515453,
  "speed":12558.9603671915
}