{
  "token_acc":0.9953056681,
  "token_p":0.9870704686,
  "token_r":0.9859068135,
  "token_f":0.9864882979,
  "tag_acc":0.6548977395,
  "pos_acc":0.9164020025,
  "morph_acc":0.7772020725,
  "morph_micro_p":0.8681652789,
  "morph_micro_r":0.8654998778,
  "morph_micro_f":0.8668305294,
  "morph_per_feat":{
    "ExtPos":{
      "p":0.7959183673,
      "r":0.5571428571,
      "f":0.6554621849
    },
    "Case":{
      "p":0.8798843112,
      "r":0.8686050577,
      "f":0.874208304
    },
    "Gender":{
      "p":0.8397292598,
      "r":0.8277022891,
      "f":0.8336724
    },
    "Number":{
      "p":0.8922960988,
      "r":0.881261808,
      "f":0.8867446281
    },
    "Person":{
      "p":0.8872017354,
      "r":0.9178978867,
      "f":0.9022888133
    },
    "PronType":{
      "p":0.9079365079,
      "r":0.8729189789,
      "f":0.890083463
    },
    "Evident":{
      "p":0.8867118814,
      "r":0.9393294305,
      "f":0.9122625662
    },
    "Mood":{
      "p":0.8689986283,
      "r":0.9248175182,
      "f":0.896039604
    },
    "Polarity":{
      "p":0.9049204052,
      "r":0.9314762401,
      "f":0.9180063129
    },
    "Tense":{
      "p":0.7627976749,
      "r":0.7863908757,
      "f":0.7744146202
    },
    "VerbForm":{
      "p":0.8989010989,
      "r":0.9291231259,
      "f":0.9137622878
    },
    "Voice":{
      "p":0.8944978166,
      "r":0.9265424281,
      "f":0.9102381799
    },
    "Definite":{
      "p":0.7415364583,
      "r":0.7367399741,
      "f":0.7391304348
    },
    "Degree":{
      "p":0.8815036775,
      "r":0.8715324535,
      "f":0.8764897075
    },
    "Poss":{
      "p":0.9183673469,
      "r":0.7258064516,
      "f":0.8108108108
    },
    "NumType":{
      "p":0.8358862144,
      "r":0.5701492537,
      "f":0.677905945
    },
    "Reflex":{
      "p":0.7287543655,
      "r":0.6716738197,
      "f":0.6990508096
    },
    "Aspect":{
      "p":0.8290456432,
      "r":0.7810789679,
      "f":0.8043478261
    },
    "Foreign":{
      "p":0.0,
      "r":0.0,
      "f":0.0
    },
    "Typo":{
      "p":0.0,
      "r":0.0,
      "f":0.0
    },
    "Abbr":{
      "p":0.0,
      "r":0.0,
      "f":0.0
    }
  },
  "sents_p":0.7405040824,
  "sents_r":0.8648424544,
  "sents_f":0.7978580991,
  "dep_uas":0.7715047171,
  "dep_las":0.6278625018,
  "dep_las_per_type":{
    "mark":{
      "p":0.7462686567,
      "r":0.7874015748,
      "f":0.7662835249
    },
    "fixed":{
      "p":0.0,
      "r":0.0,
      "f":0.0
    },
    "nsubj":{
      "p":0.6872705018,
      "r":0.8096611391,
      "f":0.7434624297
    },
    "discourse":{
      "p":0.5273311897,
      "r":0.2397660819,
      "f":0.3296482412
    },
    "advcl":{
      "p":0.3860465116,
      "r":0.2526636225,
      "f":0.3054277829
    },
    "amod":{
      "p":0.7813163482,
      "r":0.801306478,
      "f":0.7911851653
    },
    "obj":{
      "p":0.7491749175,
      "r":0.7294344473,
      "f":0.7391729078
    },
    "cc":{
      "p":0.8093667546,
      "r":0.8067061144,
      "f":0.8080342443
    },
    "det":{
      "p":0.7876404494,
      "r":0.7644492912,
      "f":0.7758716104
    },
    "conj":{
      "p":0.5732625055,
      "r":0.6048575432,
      "f":0.5886363636
    },
    "xcomp":{
      "p":0.598540146,
      "r":0.6177024482,
      "f":0.6079703429
    },
    "aux":{
      "p":0.0,
      "r":0.0,
      "f":0.0
    },
    "root":{
      "p":0.6992587363,
      "r":0.8213101161,
      "f":0.755386082
    },
    "nmod":{
      "p":0.7730153939,
      "r":0.6605622904,
      "f":0.7123783032
    },
    "ccomp":{
      "p":0.5873015873,
      "r":0.4797406807,
      "f":0.5280999108
    },
    "dep":{
      "p":0.0020625645,
      "r":0.0576923077,
      "f":0.0039827415
    },
    "nummod":{
      "p":0.0,
      "r":0.0,
      "f":0.0
    },
    "case":{
      "p":0.8598531212,
      "r":0.8753894081,
      "f":0.8675517135
    },
    "iobj":{
      "p":0.5541871921,
      "r":0.2568493151,
      "f":0.3510140406
    },
    "advmod":{
      "p":0.6747673216,
      "r":0.6875658588,
      "f":0.6811064718
    },
    "obl":{
      "p":0.571485464,
      "r":0.6346749226,
      "f":0.601424979
    },
    "acl":{
      "p":0.6518650089,
      "r":0.5986949429,
      "f":0.6241496599
    },
    "advmod:emph":{
      "p":0.0,
      "r":0.0,
      "f":0.0
    },
    "cop":{
      "p":0.6736111111,
      "r":0.6075156576,
      "f":0.6388583974
    },
    "aux:pass":{
      "p":0.0,
      "r":0.0,
      "f":0.0
    },
    "nsubj:pass":{
      "p":0.0,
      "r":0.0,
      "f":0.0
    },
    "parataxis":{
      "p":0.0,
      "r":0.0,
      "f":0.0
    },
    "appos":{
      "p":0.0,
      "r":0.0,
      "f":0.0
    },
    "csubj":{
      "p":0.0,
      "r":0.0,
      "f":0.0
    },
    "flat":{
      "p":0.0,
      "r":0.0,
      "f":0.0
    },
    "flat:foreign":{
      "p":0.0,
      "r":0.0,
      "f":0.0
    },
    "flat:name":{
      "p":0.0,
      "r":0.0,
      "f":0.0
    },
    "vocative":{
      "p":0.0,
      "r":0.0,
      "f":0.0
    },
    "orphan":{
      "p":0.0,
      "r":0.0,
      "f":0.0
    },
    "reparandum":{
      "p":0.0,
      "r":0.0,
      "f":0.0
    },
    "advmod:neg":{
      "p":0.0,
      "r":0.0,
      "f":0.0
    },
    "compound":{
      "p":0.0,
      "r":0.0,
      "f":0.0
    },
    "goeswith":{
      "p":0.0,
      "r":0.0,
      "f":0.0
    },
    "dislocated":{
      "p":0.0,
      "r":0.0,
      "f":0.0
    },
    "csubj:pass":{
      "p":0.0,
      "r":0.0,
      "f":0.0
    }
  },
  "lemma_acc":0.8842515453,
  "speed":10008.5408515218
}