{
  "token_acc":0.9953056681,
  "token_p":0.9870704686,
  "token_r":0.9859068135,
  "token_f":0.9864882979,
  "tag_acc":0.9239487428,
  "pos_acc":0.9780320366,
  "morph_acc":0.9574476678,
  "morph_micro_p":0.9827717354,
  "morph_micro_r":0.9727206062,
  "morph_micro_f":0.9777203396,
  "morph_per_feat":{
    "ExtPos":{
      "p":0.9136690647,
      "r":0.9071428571,
      "f":0.9103942652
    },
    "Case":{
      "p":0.9803346052,
      "r":0.9730800606,
      "f":0.976693862
    },
    "Gender":{
      "p":0.9735168838,
      "r":0.9652344228,
      "f":0.9693579617
    },
    "Number":{
      "p":0.9823100937,
      "r":0.9728058625,
      "f":0.977534877
    },
    "Person":{
      "p":0.9875212706,
      "r":0.9768094258,
      "f":0.9821361414
    },
    "PronType":{
      "p":0.9861855089,
      "r":0.9705882353,
      "f":0.9783247098
    },
    "Evident":{
      "p":0.9879550321,
      "r":0.9821713677,
      "f":0.9850547104
    },
    "Mood":{
      "p":0.9852325868,
      "r":0.9739659367,
      "f":0.9795668665
    },
    "Polarity":{
      "p":0.9946043165,
      "r":0.9885297185,
      "f":0.9915577139
    },
    "Tense":{
      "p":0.972826087,
      "r":0.9688768606,
      "f":0.9708474576
    },
    "VerbForm":{
      "p":0.9907040536,
      "r":0.9845524761,
      "f":0.9876186859
    },
    "Voice":{
      "p":0.9921532847,
      "r":0.9837163018,
      "f":0.9879167802
    },
    "Definite":{
      "p":0.9766914859,
      "r":0.9757438551,
      "f":0.9762174405
    },
    "Degree":{
      "p":0.9894566099,
      "r":0.9857258282,
      "f":0.9875876956
    },
    "Poss":{
      "p":1.0,
      "r":0.9838709677,
      "f":0.9918699187
    },
    "NumType":{
      "p":0.9961389961,
      "r":0.7701492537,
      "f":0.8686868687
    },
    "Reflex":{
      "p":0.9935064935,
      "r":0.9849785408,
      "f":0.9892241379
    },
    "Aspect":{
      "p":0.9882537197,
      "r":0.9867083659,
      "f":0.9874804382
    },
    "Foreign":{
      "p":0.9743589744,
      "r":0.8,
      "f":0.8786127168
    },
    "Typo":{
      "p":0.25,
      "r":0.0384615385,
      "f":0.0666666667
    },
    "Abbr":{
      "p":0.9113300493,
      "r":0.8447488584,
      "f":0.8767772512
    }
  },
  "sents_p":0.954674221,
  "sents_r":0.978026534,
  "sents_f":0.9662092976,
  "dep_uas":0.9202893785,
  "dep_las":0.886934219,
  "dep_las_per_type":{
    "mark":{
      "p":0.9286624204,
      "r":0.9566929134,
      "f":0.9424692954
    },
    "fixed":{
      "p":0.8986486486,
      "r":0.95,
      "f":0.9236111111
    },
    "nsubj":{
      "p":0.951559633,
      "r":0.9347512617,
      "f":0.9430805601
    },
    "discourse":{
      "p":0.7613981763,
      "r":0.7324561404,
      "f":0.7466467958
    },
    "advcl":{
      "p":0.7381294964,
      "r":0.7808219178,
      "f":0.7588757396
    },
    "amod":{
      "p":0.9561454126,
      "r":0.9020141535,
      "f":0.9282913165
    },
    "obj":{
      "p":0.9469309463,
      "r":0.9517994859,
      "f":0.9493589744
    },
    "cc":{
      "p":0.9517514871,
      "r":0.9467455621,
      "f":0.9492419249
    },
    "det":{
      "p":0.9394939494,
      "r":0.9312977099,
      "f":0.9353778751
    },
    "conj":{
      "p":0.8671128107,
      "r":0.8472676319,
      "f":0.8570753603
    },
    "xcomp":{
      "p":0.9127906977,
      "r":0.8870056497,
      "f":0.899713467
    },
    "aux":{
      "p":0.9683794466,
      "r":0.953307393,
      "f":0.9607843137
    },
    "root":{
      "p":0.9214892756,
      "r":0.9440298507,
      "f":0.9326233873
    },
    "nmod":{
      "p":0.9099004715,
      "r":0.8960536497,
      "f":0.9029239766
    },
    "ccomp":{
      "p":0.8701298701,
      "r":0.868719611,
      "f":0.8694241687
    },
    "nummod":{
      "p":0.9528985507,
      "r":0.9195804196,
      "f":0.9359430605
    },
    "case":{
      "p":0.97731569,
      "r":0.9663551402,
      "f":0.9718045113
    },
    "iobj":{
      "p":0.7945879459,
      "r":0.7374429224,
      "f":0.7649496744
    },
    "advmod":{
      "p":0.8918067227,
      "r":0.894625922,
      "f":0.8932140978
    },
    "obl":{
      "p":0.8384376387,
      "r":0.8354710305,
      "f":0.8369517058
    },
    "advmod:emph":{
      "p":0.7625899281,
      "r":0.7653429603,
      "f":0.763963964
    },
    "advmod:neg":{
      "p":0.65625,
      "r":0.8076923077,
      "f":0.724137931
    },
    "cop":{
      "p":0.8914893617,
      "r":0.8747390397,
      "f":0.8830347734
    },
    "aux:pass":{
      "p":0.8977777778,
      "r":0.9439252336,
      "f":0.9202733485
    },
    "acl":{
      "p":0.8438596491,
      "r":0.7846655791,
      "f":0.8131868132
    },
    "nsubj:pass":{
      "p":0.88,
      "r":0.9527559055,
      "f":0.9149338374
    },
    "parataxis":{
      "p":0.7196261682,
      "r":0.6936936937,
      "f":0.7064220183
    },
    "appos":{
      "p":0.701754386,
      "r":0.5970149254,
      "f":0.6451612903
    },
    "dep":{
      "p":0.0947368421,
      "r":0.0865384615,
      "f":0.0904522613
    },
    "csubj:pass":{
      "p":0.5833333333,
      "r":0.5833333333,
      "f":0.5833333333
    },
    "flat":{
      "p":0.7368421053,
      "r":0.6829268293,
      "f":0.7088607595
    },
    "orphan":{
      "p":0.4252873563,
      "r":0.3663366337,
      "f":0.3936170213
    },
    "csubj":{
      "p":0.7878787879,
      "r":0.7647058824,
      "f":0.776119403
    },
    "flat:foreign":{
      "p":0.5,
      "r":0.25,
      "f":0.3333333333
    },
    "flat:name":{
      "p":0.940625,
      "r":0.8314917127,
      "f":0.8826979472
    },
    "vocative":{
      "p":0.7692307692,
      "r":0.6896551724,
      "f":0.7272727273
    },
    "reparandum":{
      "p":0.0,
      "r":0.0,
      "f":0.0
    },
    "compound":{
      "p":1.0,
      "r":1.0,
      "f":1.0
    },
    "goeswith":{
      "p":0.0,
      "r":0.0,
      "f":0.0
    },
    "dislocated":{
      "p":0.0,
      "r":0.0,
      "f":0.0
    }
  },
  "lemma_acc":0.8842515453,
  "speed":9574.878224412
}