{
  "token_acc":0.9953056681,
  "token_p":0.9870704686,
  "token_r":0.9859068135,
  "token_f":0.9864882979,
  "tag_acc":0.9119689872,
  "pos_acc":0.9727561514,
  "morph_acc":0.9491694263,
  "morph_micro_p":0.9776595325,
  "morph_micro_r":0.9683011489,
  "morph_micro_f":0.9729578378,
  "morph_per_feat":{
    "ExtPos":{
      "p":0.9197080292,
      "r":0.9,
      "f":0.9097472924
    },
    "Case":{
      "p":0.9770243272,
      "r":0.9688264771,
      "f":0.9729081334
    },
    "Gender":{
      "p":0.965943507,
      "r":0.9565430285,
      "f":0.9612202848
    },
    "Number":{
      "p":0.9782533256,
      "r":0.9683402988,
      "f":0.9732715712
    },
    "Person":{
      "p":0.9856630824,
      "r":0.9771834674,
      "f":0.9814049587
    },
    "PronType":{
      "p":0.9840336134,
      "r":0.9747502775,
      "f":0.979369947
    },
    "Evident":{
      "p":0.985038739,
      "r":0.9811069718,
      "f":0.9830689241
    },
    "Mood":{
      "p":0.9825681316,
      "r":0.9737226277,
      "f":0.9781253819
    },
    "Polarity":{
      "p":0.9902941616,
      "r":0.9879338597,
      "f":0.9891126025
    },
    "Tense":{
      "p":0.9625048319,
      "r":0.962690895,
      "f":0.9625978545
    },
    "VerbForm":{
      "p":0.9832928311,
      "r":0.9804634257,
      "f":0.9818760901
    },
    "Voice":{
      "p":0.9856468023,
      "r":0.981545142,
      "f":0.9835916961
    },
    "Definite":{
      "p":0.9695398574,
      "r":0.9676584735,
      "f":0.9685982519
    },
    "Degree":{
      "p":0.9827073764,
      "r":0.9795313762,
      "f":0.981116806
    },
    "Poss":{
      "p":1.0,
      "r":0.9838709677,
      "f":0.9918699187
    },
    "NumType":{
      "p":0.9901960784,
      "r":0.7537313433,
      "f":0.8559322034
    },
    "Reflex":{
      "p":0.9903017241,
      "r":0.9860515021,
      "f":0.988172043
    },
    "Aspect":{
      "p":0.9689922481,
      "r":0.977326036,
      "f":0.9731413001
    },
    "Foreign":{
      "p":0.9703703704,
      "r":0.6894736842,
      "f":0.8061538462
    },
    "Typo":{
      "p":0.0,
      "r":0.0,
      "f":0.0
    },
    "Abbr":{
      "p":0.9682539683,
      "r":0.8356164384,
      "f":0.8970588235
    }
  },
  "sents_p":0.9714285714,
  "sents_r":0.9867330017,
  "sents_f":0.979020979,
  "dep_uas":0.9006184617,
  "dep_las":0.86391895,
  "dep_las_per_type":{
    "mark":{
      "p":0.9220945083,
      "r":0.9475065617,
      "f":0.9346278317
    },
    "fixed":{
      "p":0.9300699301,
      "r":0.95,
      "f":0.9399293286
    },
    "nsubj":{
      "p":0.9273519797,
      "r":0.920331651,
      "f":0.9238284784
    },
    "discourse":{
      "p":0.7245696401,
      "r":0.6769005848,
      "f":0.6999244142
    },
    "advcl":{
      "p":0.7457886677,
      "r":0.7412480974,
      "f":0.7435114504
    },
    "amod":{
      "p":0.939675174,
      "r":0.8818726184,
      "f":0.9098567818
    },
    "obj":{
      "p":0.9274245344,
      "r":0.9280205656,
      "f":0.9277224542
    },
    "cc":{
      "p":0.9313333333,
      "r":0.9184746877,
      "f":0.9248593181
    },
    "det":{
      "p":0.9337016575,
      "r":0.9214830971,
      "f":0.9275521405
    },
    "conj":{
      "p":0.802233597,
      "r":0.8052312004,
      "f":0.8037296037
    },
    "xcomp":{
      "p":0.9080234834,
      "r":0.8738229755,
      "f":0.8905950096
    },
    "aux":{
      "p":0.9760956175,
      "r":0.953307393,
      "f":0.9645669291
    },
    "root":{
      "p":0.9233606557,
      "r":0.934079602,
      "f":0.9286892003
    },
    "nmod":{
      "p":0.8842909858,
      "r":0.8653598143,
      "f":0.8747229827
    },
    "ccomp":{
      "p":0.8521594684,
      "r":0.8314424635,
      "f":0.8416735029
    },
    "nummod":{
      "p":0.9185185185,
      "r":0.8671328671,
      "f":0.8920863309
    },
    "case":{
      "p":0.9671094244,
      "r":0.9526479751,
      "f":0.959824231
    },
    "iobj":{
      "p":0.7524038462,
      "r":0.7146118721,
      "f":0.7330210773
    },
    "advmod":{
      "p":0.8628659476,
      "r":0.885142255,
      "f":0.8738621586
    },
    "obl":{
      "p":0.8055555556,
      "r":0.8208757187,
      "f":0.813143483
    },
    "advmod:emph":{
      "p":0.7962264151,
      "r":0.761732852,
      "f":0.778597786
    },
    "acl":{
      "p":0.8060708263,
      "r":0.779771615,
      "f":0.7927031509
    },
    "advmod:neg":{
      "p":0.59375,
      "r":0.7307692308,
      "f":0.6551724138
    },
    "cop":{
      "p":0.8384458078,
      "r":0.8559498956,
      "f":0.847107438
    },
    "aux:pass":{
      "p":0.9241706161,
      "r":0.9112149533,
      "f":0.9176470588
    },
    "nsubj:pass":{
      "p":0.875,
      "r":0.9094488189,
      "f":0.8918918919
    },
    "parataxis":{
      "p":0.6,
      "r":0.6216216216,
      "f":0.610619469
    },
    "appos":{
      "p":0.6851851852,
      "r":0.552238806,
      "f":0.6115702479
    },
    "dep":{
      "p":0.0341880342,
      "r":0.0384615385,
      "f":0.036199095
    },
    "csubj:pass":{
      "p":0.4666666667,
      "r":0.5833333333,
      "f":0.5185185185
    },
    "csubj":{
      "p":0.7586206897,
      "r":0.6470588235,
      "f":0.6984126984
    },
    "flat":{
      "p":0.6478873239,
      "r":0.5609756098,
      "f":0.6013071895
    },
    "flat:foreign":{
      "p":0.8,
      "r":0.3333333333,
      "f":0.4705882353
    },
    "flat:name":{
      "p":0.9400630915,
      "r":0.8232044199,
      "f":0.8777614138
    },
    "orphan":{
      "p":0.3950617284,
      "r":0.3168316832,
      "f":0.3516483516
    },
    "vocative":{
      "p":0.0,
      "r":0.0,
      "f":0.0
    },
    "reparandum":{
      "p":0.0,
      "r":0.0,
      "f":0.0
    },
    "compound":{
      "p":0.0,
      "r":0.0,
      "f":0.0
    },
    "goeswith":{
      "p":0.0,
      "r":0.0,
      "f":0.0
    },
    "dislocated":{
      "p":0.0,
      "r":0.0,
      "f":0.0
    }
  },
  "lemma_acc":0.8842515453,
  "speed":12494.3391592676
}