{
  "token_acc":0.9953056681,
  "token_p":0.9870704686,
  "token_r":0.9859068135,
  "token_f":0.9864882979,
  "tag_acc":0.8889995424,
  "pos_acc":0.9694351355,
  "morph_acc":0.9371197847,
  "morph_micro_p":0.9722987601,
  "morph_micro_r":0.9660718651,
  "morph_micro_f":0.9691753108,
  "morph_per_feat":{
    "ExtPos":{
      "p":0.9202898551,
      "r":0.9071428571,
      "f":0.9136690647
    },
    "Case":{
      "p":0.9721521956,
      "r":0.9662044051,
      "f":0.969169175
    },
    "Gender":{
      "p":0.9587260519,
      "r":0.9525645734,
      "f":0.9556353812
    },
    "Number":{
      "p":0.9706932289,
      "r":0.965191504,
      "f":0.9679345486
    },
    "Person":{
      "p":0.9831334333,
      "r":0.9811109033,
      "f":0.982121127
    },
    "PronType":{
      "p":0.9835471277,
      "r":0.9786348502,
      "f":0.9810848401
    },
    "Evident":{
      "p":0.9856115108,
      "r":0.9843001597,
      "f":0.9849553987
    },
    "Mood":{
      "p":0.9802342606,
      "r":0.9773722628,
      "f":0.9788011696
    },
    "Polarity":{
      "p":0.9880579191,
      "r":0.9859973186,
      "f":0.9870265434
    },
    "Tense":{
      "p":0.9568498452,
      "r":0.9559249952,
      "f":0.9563871966
    },
    "VerbForm":{
      "p":0.9828502049,
      "r":0.9807663183,
      "f":0.9818071559
    },
    "Voice":{
      "p":0.9825897715,
      "r":0.9802786322,
      "f":0.9814328412
    },
    "Definite":{
      "p":0.9507672634,
      "r":0.9618369987,
      "f":0.9562700965
    },
    "Degree":{
      "p":0.9755507792,
      "r":0.9779154323,
      "f":0.9767316745
    },
    "Poss":{
      "p":0.9945355191,
      "r":0.9784946237,
      "f":0.9864498645
    },
    "NumType":{
      "p":0.9647058824,
      "r":0.7343283582,
      "f":0.8338983051
    },
    "Reflex":{
      "p":0.9826275787,
      "r":0.9710300429,
      "f":0.9767943875
    },
    "Aspect":{
      "p":0.9693154996,
      "r":0.963252541,
      "f":0.9662745098
    },
    "Foreign":{
      "p":0.867816092,
      "r":0.7947368421,
      "f":0.8296703297
    },
    "Typo":{
      "p":0.5,
      "r":0.0192307692,
      "f":0.037037037
    },
    "Abbr":{
      "p":0.9352941176,
      "r":0.7260273973,
      "f":0.8174807198
    }
  },
  "sents_p":0.9419070513,
  "sents_r":0.9747097844,
  "sents_f":0.9580277099,
  "dep_uas":0.8899886552,
  "dep_las":0.8476080881,
  "dep_las_per_type":{
    "mark":{
      "p":0.9161290323,
      "r":0.9317585302,
      "f":0.9238776838
    },
    "fixed":{
      "p":0.8741721854,
      "r":0.9428571429,
      "f":0.9072164948
    },
    "nsubj":{
      "p":0.9173913043,
      "r":0.9127613554,
      "f":0.9150704734
    },
    "discourse":{
      "p":0.7280130293,
      "r":0.6535087719,
      "f":0.688751926
    },
    "advcl":{
      "p":0.7238095238,
      "r":0.6940639269,
      "f":0.7086247086
    },
    "amod":{
      "p":0.9040942232,
      "r":0.8775176919,
      "f":0.8906077348
    },
    "obj":{
      "p":0.9172546504,
      "r":0.9190231362,
      "f":0.9181380417
    },
    "cc":{
      "p":0.9238914626,
      "r":0.9178172255,
      "f":0.9208443272
    },
    "det":{
      "p":0.9041533546,
      "r":0.9258451472,
      "f":0.9148706897
    },
    "conj":{
      "p":0.7994480221,
      "r":0.8117702008,
      "f":0.805561993
    },
    "xcomp":{
      "p":0.8500914077,
      "r":0.8757062147,
      "f":0.8627087199
    },
    "aux":{
      "p":0.9210526316,
      "r":0.953307393,
      "f":0.9369024857
    },
    "root":{
      "p":0.901002004,
      "r":0.9320066335,
      "f":0.9162421031
    },
    "nmod":{
      "p":0.8658666667,
      "r":0.8375032241,
      "f":0.8514488003
    },
    "ccomp":{
      "p":0.8394648829,
      "r":0.8136142626,
      "f":0.8263374486
    },
    "nummod":{
      "p":0.8847583643,
      "r":0.8321678322,
      "f":0.8576576577
    },
    "case":{
      "p":0.9507788162,
      "r":0.9507788162,
      "f":0.9507788162
    },
    "iobj":{
      "p":0.7262357414,
      "r":0.654109589,
      "f":0.6882882883
    },
    "advmod":{
      "p":0.8615863142,
      "r":0.875658588,
      "f":0.868565456
    },
    "obl":{
      "p":0.7659128978,
      "r":0.8089341,
      "f":0.7868358787
    },
    "advmod:emph":{
      "p":0.7829457364,
      "r":0.7292418773,
      "f":0.7551401869
    },
    "advmod:neg":{
      "p":0.5277777778,
      "r":0.7307692308,
      "f":0.6129032258
    },
    "cop":{
      "p":0.8538135593,
      "r":0.8413361169,
      "f":0.8475289169
    },
    "aux:pass":{
      "p":0.911627907,
      "r":0.9158878505,
      "f":0.9137529138
    },
    "acl":{
      "p":0.798951049,
      "r":0.7455138662,
      "f":0.7713080169
    },
    "nsubj:pass":{
      "p":0.8503937008,
      "r":0.8503937008,
      "f":0.8503937008
    },
    "parataxis":{
      "p":0.4852941176,
      "r":0.2972972973,
      "f":0.3687150838
    },
    "appos":{
      "p":0.6666666667,
      "r":0.4776119403,
      "f":0.5565217391
    },
    "dep":{
      "p":0.0287356322,
      "r":0.0480769231,
      "f":0.035971223
    },
    "flat":{
      "p":0.7435897436,
      "r":0.7073170732,
      "f":0.725
    },
    "csubj":{
      "p":0.76,
      "r":0.5588235294,
      "f":0.6440677966
    },
    "flat:foreign":{
      "p":0.0,
      "r":0.0,
      "f":0.0
    },
    "flat:name":{
      "p":0.8884892086,
      "r":0.682320442,
      "f":0.771875
    },
    "vocative":{
      "p":0.0,
      "r":0.0,
      "f":0.0
    },
    "orphan":{
      "p":0.4285714286,
      "r":0.1782178218,
      "f":0.2517482517
    },
    "reparandum":{
      "p":0.0,
      "r":0.0,
      "f":0.0
    },
    "compound":{
      "p":0.0,
      "r":0.0,
      "f":0.0
    },
    "goeswith":{
      "p":0.0,
      "r":0.0,
      "f":0.0
    },
    "dislocated":{
      "p":0.0,
      "r":0.0,
      "f":0.0
    },
    "csubj:pass":{
      "p":0.0,
      "r":0.0,
      "f":0.0
    }
  },
  "lemma_acc":0.8842515453,
  "speed":9733.9593549429
}